airCanada,abbostford,canada,toronto,canada,nacional,2,8,"7511,61"
vivaAerobus,acapulco,mexico,monterrey,mexico,nacional,1,45,1775
interjet,acapulco,mexico,toluca,mexico,nacional,0,55,1630
interjet,acapulco ,mexico,cdmx,mexico,nacional,1,10,2083
aeroMx,aguascalientes,mexico,cdmx,mexico,nacional,1,15,1999
aeroMx,aguascalientes,mexico,monterrey,mexico,nacional,1,40,2589
interjet,aguascalientes,mexico,toluca,mexico,nacional,1,5,1385
airCanada,anchorage,usa,vancouver,canada,interN,1,50,"7763,02"
airCanada,atlanta,usa,cancun,mexico,interN,4,56,"20064,72"
aeroMx,atlanta,usa,monterrey,mexico,interN,2,40,5431
airCanada,atlanta,usa,ptoVallarta,mexico,interN,4,53,"41970,24"
airCanada,bagotville,canada,montreal,canada,nacional,1,5,"7819,60"
airCanada,baieComeau,canada,montreal,canada,nacional,2,23,"7787,57"
aeroMx,bajio,mexico,cdmx,mexico,nacional,1,5,2567
aeroMx,bajio,mexico,monterrey,mexico,nacional,1,20,1470
aeroMx,bajio,mexico,tijuana,mexico,nacional,3,5,4254
interjet,bajio,mexico,toluca,mexico,nacional,1,0,2175
airCanada,baltimore,usa,montreal,canada,interN,3,7,"7781,57"
airCanada,bathurst,canada,montreal,canada,nacional,3,7,"6949,41"
airCanada,boston,usa,cancun,mexico,interN,3,4,"12701,52"
airCanada,boston,usa,montreal,canada,interN,2,20,"2500,42"
airCanada,boston,usa,ottawa,canada,interN,2,20,"7859,09"
airCanada,boston,usa,toronto,canada,interN,1,20,"3190,72"
airCanada,boston,usa,vancouver,canada,interN,2,13,"4448,60"
airCanada,calgary,canada,cancun,mexico,interN,1,20,"5016,18"
airCanada,calgary,canada,castlegar,canada,nacional,2,20,"6217,08"
airCanada,calgary,canada,cdmx,mexico,interN,2,13,"5369,00"
airCanada,calgary,canada,chicago,usa,interN,2,23,"8314,28"
airCanada,calgary,canada,comox,canada,nacional,2,10,"6287,73"
airCanada,calgary,canada,cranbrook,canada,nacional,3,7,"7659,20"
airCanada,calgary,canada,denver,usa,interN,4,59,"7813,42"
airCanada,calgary,canada,edmonton,canada,nacional,2,13,"6225,74"
airCanada,calgary,canada,fortMcMurray,canada,nacional,2,13,"7201,77"
airCanada,calgary,canada,grandePraire,canada,nacional,1,50,"6150,32"
airCanada,calgary,canada,halifax,canada,nacional,1,55,"6121,24"
airCanada,calgary,canada,houston,usa,interN,4,50,"6638,81"
airCanada,calgary,canada,kahului,usa,interN,4,56,"7775,17"
airCanada,calgary,canada,kamloops,canada,nacional,2,13,"6276,48"
airCanada,calgary,canada,kelowna,canada,nacional,2,8,"6321,74"
airCanada,calgary,canada,lasVegas,usa,interN,4,53,"7783,09"
airCanada,calgary,canada,lethbridge,canada,nacional,3,4,"6298,90"
airCanada,calgary,canada,losAngeles,usa,interN,1,55,"3482,18"
airCanada,calgary,canada,losCabos,mexico,interN,3,7,"5507,06"
airCanada,calgary,canada,medicineHat,canada,nacional,3,4,"7383,20"
airCanada,calgary,canada,montreal,canada,nacional,3,4,"7199,83"
airCanada,calgary,canada,nanaimo,canada,nacional,2,13,"6313,43"
airCanada,calgary,canada,narita,japon,interC,22,10,"41970,24"
airCanada,calgary,canada,nuevaYork,usa,interN,1,45,"7752,80"
airCanada,calgary,canada,ottawa,canada,nacional,2,8,"6280,38"
airCanada,calgary,canada,palmSprings,usa,interN,1,55,"6866,83"
airCanada,calgary,canada,phoenix,usa,interN,2,0,"6167,66"
airCanada,calgary,canada,portland,usa,interN,3,4,"7771,25"
airCanada,calgary,canada,ptoVallarta,mexico,interN,4,56,"5553,08"
airCanada,calgary,canada,regina,canada,nacional,0,59,"6259,19"
airCanada,calgary,canada,sanFrancisco,usa,interN,2,8,"7794,71"
airCanada,calgary,canada,saskatoon,canada,nacional,2,0,"7780,74"
airCanada,calgary,canada,seattle,usa,interN,2,53,"6586,29"
airCanada,calgary,canada,stJohn,canada,nacional,3,7,"6254,13"
airCanada,calgary,canada,toronto,canada,nacional,3,1,"6255,82"
airCanada,calgary,canada,vancouver,canada,nacional,0,53,"8703,40"
airCanada,calgary,canada,victoria,canada,nacional,1,47,"6265,45"
airCanada,calgary,canada,winnipeg,canada,nacional,2,35,"6273,93"
airCanada,calgary,canada,yellowknife,canada,nacional,1,45,"6270,96"
interjet,campeche,mexico,cdmx,mexico,nacional,1,35,2368
airCanada,cancun,mexico,atlanta,usa,interN,4,59,"20064,72"
airCanada,cancun,mexico,boston,usa,interN,3,4,"12701,52"
airCanada,cancun,mexico,calgary,canada,interN,1,44,"5016,18"
vivaAerobus,cancun,mexico,cdJuarez,mexico,nacional,3,40,1057
vivaAerobus,cancun,mexico,cdmx,mexico,nacional,2,10,1194
airCanada,cancun,mexico,chicago,usa,interN,2,35,"8513,70"
vivaAerobus,cancun,mexico,chihuahua,mexico,nacional,3,20,1159
vivaAerobus,cancun,mexico,cincinnati,usa,interN,3,15,5014
vivaAerobus,cancun,mexico,guadalajara,mexico,nacional,3,0,1079
airCanada,cancun,mexico,houston,usa,interN,2,20,"14266,20"
airCanada,cancun,mexico,lasVegas,usa,interN,1,55,"9050,60"
vivaAerobus,cancun,mexico,leon,mexico,nacional,2,35,1199
vivaAerobus,cancun,mexico,monterrey,mexico,nacional,2,15,1055
airCanada,cancun,mexico,montreal,canada,interN,4,47,"5338,32"
vivaAerobus,cancun,mexico,newark,usa,interN,3,25,2580
vivaAerobus,cancun,mexico,newYork,usa,interN,3,25,2580
airCanada,cancun,mexico,ottawa,canada,interN,2,8,"3973,06"
vivaAerobus,cancun,mexico,puebla,mexico,nacional,2,15,1089
vivaAerobus,cancun,mexico,queretaro,mexico,nacional,2,15,712
vivaAerobus,cancun,mexico,reynosa,mexico,nacional,2,25,1049
airCanada,cancun,mexico,seattle,usa,interN,2,10,"11643,06"
vivaAerobus,cancun,mexico,tampico,mexico,nacional,2,10,1059
vivaAerobus,cancun,mexico,toluca,mexico,nacional,2,20,1462
airCanada,cancun,mexico,toronto,canada,interN,2,8,"4555,98"
vivaAerobus,cancun,mexico,torreon,mexico,nacional,2,50,1345
vivaAerobus,cancun,mexico,tuxtlaG,mexico,nacional,1,45,1039
airCanada,cancun,mexico,vancouver,canada,interN,3,7,"3712,28"
vivaAerobus,cancun,mexico,veracruz,mexico,nacional,1,50,1469
vivaAerobus,cancun,mexico,villahermosa,mexico,nacional,1,30,1099
airCanada,cancun,mexico,winnipeg,canada,interN,1,44,"8056,31"
airCanada,castlegar,canada,calgary,canada,nacional,1,44,"7748,56"
airCanada,castlegar,canada,vancouver,canada,nacional,2,13,"7931,74"
aeroMx,cdCarmen,mexico,cdmx,mexico,nacional,1,40,1999
interjet,cdCarmen,mexico,toluca,mexico,nacional,2,40,2587
vivaAerobus,cdJuarez,mexico,cancun,mexico,nacional,3,40,1057
interjet,cdJuarez,mexico,cdmx,mexico,nacional,2,35,3300
vivaAerobus,cdJuarez,mexico,guadalajara,mexico,nacional,2,0,947
aeroMx,cdJuarez,mexico,monterrey,mexico,nacional,1,50,800
aeroMx,cdJuarez,mexico,tijuana,mexico,nacional,2,0,7835
interjet,cdmx,mexico,acapulco ,mexico,nacional,1,10,2083
aeroMx,cdmx,mexico,aguascalientes,mexico,nacional,1,15,1999
aeroMx,cdmx,mexico,bajio,mexico,nacional,1,5,2567
airCanada,cdmx,mexico,calgary,canada,interN,2,8,"5369,00"
interjet,cdmx,mexico,campeche,mexico,nacional,1,35,2368
vivaAerobus,cdmx,mexico,cancun,mexico,nacional,2,10,1194
aeroMx,cdmx,mexico,cdCarmen,mexico,nacional,1,40,1999
interjet,cdmx,mexico,cdJuarez,mexico,nacional,2,35,3300
interjet,cdmx,mexico,cdObregon,mexico,nacional,2,25,4351
interjet,cdmx,mexico,chetumal,mexico,nacional,2,50,2958
interjet,cdmx,mexico,chicago,usa,interN,4,5,5140
vivaAerobus,cdmx,mexico,chihuahua,mexico,nacional,2,10,1927
interjet,cdmx,mexico,cozumel,mexico,nacional,2,5,2236
vivaAerobus,cdmx,mexico,culiacan,mexico,nacional,1,45,1246
interjet,cdmx,mexico,dallas,usa,interN,4,35,4072
aeroMx,cdmx,mexico,durango,mexico,nacional,1,35,3340
interjet,cdmx,mexico,guadalajara,mexico,nacional,1,20,1109
airCanada,cdmx,mexico,halifax,canada,interN,4,53,"5675,80"
interjet,cdmx,mexico,hermosillo,mexico,nacional,2,45,3206
interjet,cdmx,mexico,houston,usa,interN,2,20,4604
vivaAerobus,cdmx,mexico,huatulco,mexico,nacional,1,10,981
interjet,cdmx,mexico,laPaz,mexico,nacional,1,40,2679
vivaAerobus,cdmx,mexico,lasVegas,usa,interN,3,45,3541
vivaAerobus,cdmx,mexico,losCabos,mexico,nacional,2,5,1602
aeroMx,cdmx,mexico,losMochis,mexico,nacional,2,15,4017
aeroMx,cdmx,mexico,manzanillo,mexico,nacional,1,24,2807
aeroMx,cdmx,mexico,matamoros,mexico,nacional,1,40,3178
vivaAerobus,cdmx,mexico,mazatlan,mexico,nacional,1,40,1309
vivaAerobus,cdmx,mexico,merida,mexico,nacional,1,45,1607
aeroMx,cdmx,mexico,mexicali,mexico,nacional,3,40,5111
interjet,cdmx,mexico,miami,usa,interN,3,40,4099
aeroMx,cdmx,mexico,minatitlan,mexico,nacional,1,25,2986
vivaAerobus,cdmx,mexico,monterrey,mexico,nacional,1,35,1117
interjet,cdmx,mexico,montreal ,canada,interN,7,0,5280
aeroMx,cdmx,mexico,morelia,mexico,nacional,0,56,5759
aeroMx,cdmx,mexico,narita,japon,interC,15,15,37605
interjet,cdmx,mexico,nuevaYork,usa,interN,4,45,4507
aeroMx,cdmx,mexico,nuevoLaredo,mexico,nacional,1,47,2139
interjet,cdmx,mexico,oaxaca,mexico,nacional,1,10,2476
interjet,cdmx,mexico,orlando ,usa,interN,3,25,4522
airCanada,cdmx,mexico,ottawa,canada,interN,4,59,"4571,32"
interjet,cdmx,mexico,palenque,mexico,nacional,1,20,2780
vivaAerobus,cdmx,mexico,ptoEscondido,mexico,nacional,1,10,1043
vivaAerobus,cdmx,mexico,ptoVallarta,mexico,nacional,1,30,871
aeroMx,cdmx,mexico,queretaro,mexico,nacional,1,9,1627
vivaAerobus,cdmx,mexico,reynosa,mexico,nacional,1,40,1016
aeroMx,cdmx,mexico,saltillo,mexico,nacional,1,45,1370
interjet,cdmx,mexico,sanAntonio,usa,interN,2,5,4508
aeroMx,cdmx,mexico,shangai,china,interC,14,25,33344
aeroMx,cdmx,mexico,sLPotosi,mexico,nacional,1,18,1576
aeroMx,cdmx,mexico,tampico,mexico,nacional,1,15,1624
aeroMx,cdmx,mexico,tapachula,mexico,nacional,1,59,3457
vivaAerobus,cdmx,mexico,tijuana,mexico,nacional,3,40,1136
interjet,cdmx,mexico,toronto,canada,nacional,5,20,6828
vivaAerobus,cdmx,mexico,torreon,mexico,nacional,1,45,1283
vivaAerobus,cdmx,mexico,tuxtlaG,mexico,nacional,1,25,1017
airCanada,cdmx,mexico,vancouver,canada,interN,3,7,"4003,74"
interjet,cdmx,mexico,veracruz,mexico,nacional,1,0,2234
airCanada,cdmx,mexico,victoria,canada,interN,4,59,"19221,02"
vivaAerobus,cdmx,mexico,villahermosa,mexico,nacional,1,30,1325
airCanada,cdmx,mexico,windsor,usa,interN,3,7,"6427,46"
aeroMx,cdmx,mexico,zacatecas,mexico,nacional,1,27,1576
vivaAerobus,cdmx,mexico,zihuatanejo,mexico,nacional,1,0,815
interjet,cdObregon,mexico,cdmx,mexico,nacional,2,25,4351
vivaAerobus,cdObregon,mexico,monterrey,mexico,nacional,1,45,1083
airCanada,charlottetown,canada,montreal,canada,nacional,1,45,"7186,90"
airCanada,charlottetown,canada,ottawa,canada,nacional,1,44,"8029,41"
interjet,chetumal,mexico,cdmx,mexico,nacional,2,50,2958
airCanada,chicago,usa,calgary,canada,interN,2,8,"8306,27"
airCanada,chicago,usa,cancun,mexico,interN,2,35,"8513,70"
interjet,chicago,usa,cdmx,mexico,interN,4,5,5140
airCanada,chicago,usa,montreal,canada,interN,3,7,"3037,32"
airCanada,chicago,usa,ottawa,canada,interN,2,10,"8311,37"
airCanada,chicago,usa,quebec,canada,interN,3,7,"8306,72"
airCanada,chicago,usa,toronto,canada,interN,4,56,"2193,62"
airCanada,chicago,usa,winnipeg,canada,interN,3,1,"8299,77"
vivaAerobus,chihuahua,mexico,cancun,mexico,nacional,3,20,1159
vivaAerobus,chihuahua,mexico,cdmx,mexico,nacional,2,10,1927
vivaAerobus,chihuahua,mexico,guadalajara,mexico,nacional,1,50,1094
vivaAerobus,chihuahua,mexico,monterrey,mexico,nacional,1,25,1099
aeroMx,chihuahua,mexico,tijuana,mexico,nacional,2,0,2256
interjet,chihuahua,mexico,toluca,mexico,nacional,2,10,2390
vivaAerobus,cincinnati,usa,cancun,mexico,interN,3,15,5014
airCanada,cleveland,usa,ptoVallarta,mexico,interN,1,50,"13361,14"
airCanada,cmdx,mexico,montreal,canada,interN,3,7,"3865,68"
airCanada,comox,canada,calgary,canada,nacional,2,10,"6287,73"
airCanada,comox,canada,vancouver,canada,nacional,2,13,"7850,80"
interjet,cozumel,mexico,cdmx,mexico,nacional,2,5,2236
airCanada,cozumel,mexico,montreal,canada,interN,1,45,"8398,57"
airCanada,cranbrook,canada,calgary,canada,nacional,2,10,"6341,77"
airCanada,cranbrook,canada,vancouver,canada,nacional,2,10,"7531,87"
aeroMx,culiacan,mexico,cdmx,mexico,nacional,2,6,3601
vivaAerobus,culiacan,mexico,guadalajara,mexico,nacional,1,20,1201
vivaAerobus,culiacan,mexico,monterrey,mexico,nacional,1,35,1051
vivaAerobus,culiacan,mexico,tijuana,mexico,nacional,2,10,1401
interjet,culiacan ,mexico,cdmx,mexico,nacional,2,0,2770
interjet,dallas,usa,cdmx,mexico,interN,4,35,4072
airCanada,dallas,usa,montreal,canada,interN,2,13,"8424,87"
airCanada,dallas,usa,toronto,canada,interN,2,8,"8411,40"
airCanada,dallas,usa,vancouver,canada,interN,3,7,"8400,68"
airCanada,deerLake,usa,gooseBay,canada,interN,2,8,"8387,06"
airCanada,deerLake,usa,stJohn,canada,interN,3,4,"8376,67"
airCanada,denver,usa,calgary,canada,interN,4,59,"8365,14"
airCanada,denver,usa,edmonton,canada,interN,3,4,"6255,39"
airCanada,denver,usa,montreal,canada,interN,1,50,"8371,27"
airCanada,denver,usa,montreal,canada,interN,3,7,"8581,61"
airCanada,denver,usa,winnipeg,canada,interN,1,47,"8371,16"
airCanada,denver,usa,winnipeg,canada,interN,2,20,"12601,36"
aeroMx,detroit,usa,monterrey,mexico,interN,3,34,5517
airCanada,detroit,usa,narita,japon,interC,18,4,"33349,16"
airCanada,detroit,usa,narita,japon,interC,29,1,"33349,16"
aeroMx,durango,mexico,cdmx,mexico,nacional,1,35,3340
vivaAerobus,durango,mexico,monterrey,mexico,nacional,1,25,458
aeroMx,durango,mexico,tijuana,mexico,nacional,2,19,8312
airCanada,durham,canada,montreal,canada,nacional,1,50,"13437,01"
airCanada,durham,canada,montreal,canada,nacional,3,4,"8313,58"
airCanada,edmonton,canada,calgary,canada,nacional,1,55,"6271,03"
airCanada,edmonton,canada,calgary,canada,nacional,2,13,"6225,74"
airCanada,edmonton,canada,denver,usa,interN,4,56,"8310,18"
airCanada,edmonton,canada,denver,usa,interN,3,4,"6255,39"
airCanada,edmonton,canada,fortMcMurray,canada,nacional,1,50,"8996,03"
airCanada,edmonton,canada,fortMcMurray,canada,nacional,0,53,"8991,40"
airCanada,edmonton,canada,fortMcMurray,canada,nacional,3,7,"7969,64"
airCanada,edmonton,canada,fortMcMurray,canada,nacional,2,8,"7288,20"
airCanada,edmonton,canada,grandePraire,canada,nacional,0,59,"8987,60"
airCanada,edmonton,canada,grandePraire,canada,nacional,1,47,"8020,91"
airCanada,edmonton,canada,grandePrairie,canada,nacional,1,55,"8985,76"
airCanada,edmonton,canada,houston,usa,interN,2,0,"8309,51"
airCanada,edmonton,canada,houston,usa,interN,2,10,"6258,61"
airCanada,edmonton,canada,kelowna,canada,nacional,1,45,"7753,22"
airCanada,edmonton,canada,kelowna,canada,nacional,1,20,"7624,86"
airCanada,edmonton,canada,kelowna,canada,nacional,1,50,"6265,31"
airCanada,edmonton,canada,kelowna,canada,nacional,0,56,"6261,40"
airCanada,edmonton,canada,lasVegas,usa,interN,1,50,"8368,68"
airCanada,edmonton,canada,lasVegas,usa,interN,5,53,"6263,56"
airCanada,edmonton,canada,montreal,canada,nacional,1,45,"8361,72"
airCanada,edmonton,canada,montreal,canada,nacional,2,8,"8364,31"
airCanada,edmonton,canada,montreal,canada,nacional,2,0,"7631,63"
airCanada,edmonton,canada,montreal,canada,nacional,2,23,"6949,67"
airCanada,edmonton,canada,osaka,japon,interC,25,4,"17165,46"
airCanada,edmonton,canada,osaka,japon,interC,26,7,"17165,46"
airCanada,edmonton,canada,ottawa,canada,nacional,2,8,"13289,92"
airCanada,edmonton,canada,ottawa,canada,nacional,3,1,"13287,46"
airCanada,edmonton,canada,ottawa,canada,nacional,0,56,"8990,20"
airCanada,edmonton,canada,ottawa,canada,nacional,2,0,"8311,51"
airCanada,edmonton,canada,sanFrancisco,usa,interN,2,10,"8326,38"
airCanada,edmonton,canada,sanFrancisco,usa,interN,1,20,"6268,05"
airCanada,edmonton,canada,saskatoon,canada,nacional,2,20,"8341,95"
airCanada,edmonton,canada,saskatoon,canada,nacional,0,56,"8344,92"
airCanada,edmonton,canada,saskatoon,canada,nacional,1,45,"8306,54"
airCanada,edmonton,canada,saskatoon,canada,nacional,1,50,"7625,02"
airCanada,edmonton,canada,toronto,canada,nacional,0,56,"9883,10"
airCanada,edmonton,canada,toronto,canada,nacional,2,35,"7115,53"
airCanada,edmonton,canada,vancouver,canada,nacional,2,8,"7687,26"
airCanada,edmonton,canada,vancouver,canada,nacional,1,45,"6777,00"
airCanada,edmonton,canada,victoria,canada,nacional,2,20,"12232,74"
airCanada,edmonton,canada,victoria,canada,nacional,1,20,"11888,48"
airCanada,edmonton,canada,victoria,canada,nacional,0,59,"7970,75"
airCanada,edmonton,canada,victoria,canada,nacional,2,10,"7289,53"
airCanada,edmonton,canada,winnipeg,canada,nacional,0,53,"12982,05"
airCanada,edmonton,canada,winnipeg,canada,nacional,1,45,"12550,89"
airCanada,edmonton,canada,winnipeg,canada,nacional,1,50,"8309,97"
airCanada,edmonton,canada,winnipeg,canada,nacional,1,55,"8308,32"
airCanada,edmonton,canada,yellowknife,canada,nacional,2,8,"13637,49"
airCanada,edmonton,canada,yellowknife,canada,nacional,2,0,"13531,42"
airCanada,edmonton,canada,yellowknife,canada,nacional,0,53,"8009,32"
airCanada,edmonton,canada,yellowknife,canada,nacional,3,1,"7456,02"
airCanada,forthStJohn,canada,vancouver,canada,nacional,2,13,"7686,23"
airCanada,forthStJohn,canada,vancouver,canada,nacional,3,7,"7533,05"
airCanada,fortMcMurray,canada,calgary,canada,nacional,2,13,"7201,77"
airCanada,fortMcMurray,canada,calgary,canada,nacional,2,35,"6225,30"
airCanada,fortMcMurray,canada,edmonton,canada,nacional,1,50,"8996,03"
airCanada,fortMcMurray,canada,edmonton,canada,nacional,0,53,"8991,40"
airCanada,fortMcMurray,canada,edmonton,canada,nacional,3,7,"7969,64"
airCanada,fortMcMurray,canada,edmonton,canada,nacional,2,8,"7288,20"
airCanada,fortMcMurray,canada,toronto,canada,nacional,2,13,"9824,95"
airCanada,fortMcMurray,canada,toronto,canada,nacional,0,56,"7586,81"
airCanada,fortMyers,usa,toronto,canada,interN,2,10,"3006,64"
airCanada,fortMyers,usa,toronto,canada,interN,4,59,"3006,64"
airCanada,fredericton,canada,montreal,canada,nacional,1,55,"8394,52"
airCanada,fredericton,canada,montreal,canada,nacional,2,10,"7946,66"
airCanada,fredericton,canada,ottawa,canada,nacional,2,10,"13291,03"
airCanada,fredericton,canada,ottawa,canada,nacional,1,50,"8010,15"
airCanada,fukuoka,japon,toronto,canada,interC,23,45,"15524,08"
airCanada,fukuoka,japon,toronto,canada,interC,24,55,"15524,08"
airCanada,gander,canada,gooseBay,canada,nacional,2,8,"14580,23"
airCanada,gander,canada,gooseBay,canada,nacional,1,45,"14218,22"
airCanada,gander,canada,gooseBay,canada,nacional,3,4,"13714,78"
airCanada,gander,canada,halifax,canada,nacional,0,53,"13909,98"
airCanada,gander,canada,halifax,canada,nacional,0,59,"7535,36"
airCanada,gander,canada,stJohn,canada,nacional,0,59,"14685,88"
airCanada,gander,canada,stJohn,canada,nacional,1,44,"14088,72"
airCanada,gander,canada,toronto,canada,nacional,1,55,"14229,01"
airCanada,gander,canada,toronto,canada,nacional,2,20,"9765,58"
airCanada,gaspe,canada,quebec,canada,nacional,1,45,"8370,95"
airCanada,gaspe,canada,quebec,canada,nacional,3,1,"7930,52"
airCanada,gooseBay,canada,deerLake,canada,nacional,2,8,"14406,23"
airCanada,gooseBay,canada,deerLake,usa,interN,2,8,"8359,23"
airCanada,gooseBay,canada,gander,canada,nacional,2,8,"14580,23"
airCanada,gooseBay,canada,gander,canada,nacional,1,45,"14218,22"
airCanada,gooseBay,canada,gander,canada,nacional,3,4,"13714,78"
airCanada,gooseBay,canada,halifax,canada,nacional,2,13,"14336,94"
airCanada,gooseBay,canada,halifax,canada,nacional,1,44,"7610,26"
airCanada,gooseBay,canada,stJohn,canada,nacional,2,10,"14589,86"
airCanada,gooseBay,canada,stJohn,canada,nacional,3,7,"14434,07"
airCanada,gooseBay,canada,wabush,canada,nacional,0,56,"14698,72"
airCanada,gooseBay,canada,wabush,canada,nacional,3,4,"14487,69"
airCanada,gooseBay,canada,wabush,canada,nacional,1,20,"14119,78"
airCanada,gooseBay,canada,wabush,canada,nacional,1,50,"13938,98"
airCanada,grandePraire,canada,calgary,canada,nacional,2,23,"8149,59"
airCanada,grandePraire,canada,calgary,canada,nacional,1,47,"7743,86"
airCanada,grandePraire,canada,calgary,canada,nacional,2,23,"6200,98"
airCanada,grandePraire,canada,calgary,canada,nacional,1,50,"6150,32"
airCanada,grandePraire,canada,edmonton,canada,nacional,0,59,"8987,60"
airCanada,grandePraire,canada,edmonton,canada,nacional,1,47,"8020,91"
airCanada,grandePrairie,canada,edmonton,canada,nacional,1,55,"8985,76"
aeroMx,guadalajara,mexico,cancun,mexico,nacional,2,55,2699
vivaAerobus,guadalajara,mexico,cancun,mexico,nacional,3,0,1079
vivaAerobus,guadalajara,mexico,cdJuarez,mexico,nacional,2,0,947
interjet,guadalajara,mexico,cdmx,mexico,nacional,1,25,2446
vivaAerobus,guadalajara,mexico,cdmx,mexico,nacional,1,15,1262
interjet,guadalajara,mexico,cdmx,mexico,nacional,1,20,1109
vivaAerobus,guadalajara,mexico,chihuahua,mexico,nacional,1,50,1094
vivaAerobus,guadalajara,mexico,culiacan,mexico,nacional,1,20,1201
vivaAerobus,guadalajara,mexico,hermosillo,mexico,nacional,2,5,1060
vivaAerobus,guadalajara,mexico,houston,usa,interN,2,35,2462
vivaAerobus,guadalajara,mexico,laPaz,mexico,nacional,1,40,1052
vivaAerobus,guadalajara,mexico,losAngeles,usa,interN,3,20,2018
vivaAerobus,guadalajara,mexico,losCabos,mexico,nacional,1,30,1165
vivaAerobus,guadalajara,mexico,merida,mexico,nacional,2,15,1201
vivaAerobus,guadalajara,mexico,mexicali,mexico,nacional,2,50,1101
interjet,guadalajara,mexico,monterrey,mexico,nacional,1,15,3627
aeroMx,guadalajara,mexico,monterrey,mexico,nacional,1,35,2973
vivaAerobus,guadalajara,mexico,monterrey,mexico,nacional,1,25,1036
vivaAerobus,guadalajara,mexico,ptoVallarta,mexico,nacional,0,50,1131
vivaAerobus,guadalajara,mexico,puebla,mexico,nacional,1,15,1346
vivaAerobus,guadalajara,mexico,reynosa,mexico,nacional,1,35,1000
vivaAerobus,guadalajara,mexico,tampico,mexico,nacional,1,20,1058
vivaAerobus,guadalajara,mexico,tijuana,mexico,nacional,3,10,947
aeroMx,guadalajara,mexico,tijuana,mexico,nacional,3,5,798
interjet,guadalajara,mexico,toluca,mexico,nacional,1,0,3841
vivaAerobus,guadalajara,mexico,tuxtlaG,mexico,nacional,1,55,1081
airCanada,guadalajara,mexico,vancouver,canada,interN,1,50,"6933,68"
airCanada,guadalajara,mexico,vancouver,canada,interN,2,0,"6933,68"
vivaAerobus,guadalajara,mexico,veracruz,mexico,nacional,1,30,1171
vivaAerobus,guadalajara,mexico,villahermosa,mexico,nacional,1,55,1314
airCanada,halifax,canada,calgary,canada,nacional,2,10,"7649,18"
airCanada,halifax,canada,calgary,canada,nacional,1,55,"6121,24"
airCanada,halifax,canada,cdmx,mexico,interN,1,50,"5675,80"
airCanada,halifax,canada,cdmx,mexico,interN,4,53,"5675,80"
airCanada,halifax,canada,gander,canada,nacional,0,53,"13909,98"
airCanada,halifax,canada,gander,canada,nacional,0,59,"7535,36"
airCanada,halifax,canada,gooseBay,canada,nacional,2,13,"14336,94"
airCanada,halifax,canada,gooseBay,canada,nacional,1,44,"7610,26"
airCanada,halifax,canada,montreal,canada,nacional,1,50,"8479,19"
airCanada,halifax,canada,montreal,canada,nacional,3,4,"7662,92"
airCanada,halifax,canada,nuevaYork,usa,interN,3,7,"41970,24"
airCanada,halifax,canada,nuevaYork,usa,interN,4,59,"7719,99"
airCanada,halifax,canada,ottawa,canada,nacional,2,13,"13288,91"
airCanada,halifax,canada,ottawa,canada,nacional,0,56,"7727,07"
airCanada,halifax,canada,stJohn,canada,nacional,0,53,"14752,18"
airCanada,halifax,canada,stJohn,canada,nacional,2,20,"7822,48"
hawaiian,haneda,japon,kailuaKona,usa,interC,12,5,"15052,2102"
airCanada,haneda,japon,losAngeles,usa,interC,19,20,"20969,78"
airCanada,haneda,japon,losAngeles,usa,interC,20,44,"20969,78"
airCanada,haneda,japon,moncton,canada,interC,22,47,"19788,60"
airCanada,haneda,japon,moncton,canada,interC,21,44,"19788,60"
airCanada,haneda,japon,montreal,canada,interC,19,0,"11060,14"
airCanada,haneda,japon,montreal,canada,interC,27,10,"11060,14"
airCanada,haneda,japon,sanJose,usa,interC,16,10,"27918,80"
airCanada,haneda,japon,sanJose,usa,interC,17,8,"27918,80"
airCanada,haneda,japon,toronto,canada,interC,19,13,"41970,24"
airCanada,haneda,japon,toronto,canada,interC,26,20,"10293,14"
airCanada,haneda,japon,toronto,canada,interC,27,45,"10293,14"
airCanada,haneda,japon,toronto,canada,interC,25,0,"9705,07"
airCanada,haneda,japon,vancouver,canada,interC,20,8,"41970,24"
airCanada,haneda,japon,vancouver,canada,interC,18,13,"25986,98"
airCanada,haneda,japon,vancouver,canada,interC,22,56,"12394,72"
airCanada,haneda,japon,vancouver,canada,interC,21,53,"12394,72"
airCanada,hartford,canada,montreal,canada,nacional,2,20,"8262,63"
airCanada,hartford,canada,montreal,canada,nacional,1,20,"7753,15"
aeroMx,hermosillo,mexico,cdmx,mexico,nacional,2,46,3815
interjet,hermosillo,mexico,cdmx,mexico,nacional,2,45,3206
vivaAerobus,hermosillo,mexico,guadalajara,mexico,nacional,2,5,1060
aeroMx,hermosillo,mexico,monterrey,mexico,nacional,2,10,4173
vivaAerobus,hermosillo,mexico,monterrey,mexico,nacional,2,5,977
hawaiian,hilo,usa,honolulu,usa,nacional,0,50,"2338,8966"
hawaiian,hilo,usa,kahului,usa,nacional,0,41,"2095,02"
hawaiian,honolulu,usa,hilo,usa,nacional,0,50,"2338,8966"
hawaiian,honolulu,usa,kahului,usa,nacional,0,37,"3457,5966"
hawaiian,honolulu,usa,kailuaKona,usa,nacional,0,45,"2643,5898"
hawaiian,honolulu,usa,lihue,usa,nacional,0,40,"1626,7932"
airCanada,honolulu,usa,toronto,canada,interN,2,23,"10937,42"
airCanada,honolulu,usa,toronto,canada,interN,2,20,"10937,42"
airCanada,honolulu,usa,vancouver,canada,interN,2,0,"3543,54"
airCanada,honolulu,usa,vancouver,canada,interN,2,20,"3543,54"
airCanada,houston,usa,calgary,canada,interN,1,20,"8338,61"
airCanada,houston,usa,calgary,canada,interN,4,50,"6638,81"
airCanada,houston,usa,cancun,mexico,interN,2,23,"14266,20"
airCanada,houston,usa,cancun,mexico,interN,2,20,"14266,20"
interjet,houston,usa,cdmx,mexico,interN,2,20,4604
airCanada,houston,usa,edmonton,canada,interN,2,0,"8324,41"
airCanada,houston,usa,edmonton,canada,interN,2,10,"6258,61"
vivaAerobus,houston,usa,guadalajara,mexico,interN,2,35,2462
vivaAerobus,houston,usa,monterrey,mexico,interN,1,20,7324
airCanada,houston,usa,montreal,canada,interN,2,23,"8345,01"
airCanada,houston,usa,montreal,canada,interN,2,35,"8559,89"
aeroMx,huatulco,mexico,cdmx,mexico,nacional,1,20,3641
interjet,huatulco,mexico,cdmx,mexico,nacional,2,5,2495
vivaAerobus,huatulco,mexico,cdmx,mexico,nacional,1,10,981
vivaAerobus,huatulco,mexico,monterrey,mexico,nacional,1,55,458
airCanada,huatulco,mexico,toronto,canada,interN,1,50,"10768,68"
airCanada,huatulco,mexico,toronto,canada,interN,2,0,"10768,68"
airCanada,ilesMadeleine,canada,montreal,canada,nacional,2,13,"8382,68"
airCanada,ilesMadeleine,canada,montreal,canada,nacional,2,35,"7834,99"
airCanada,ilesMadeleine,canada,quebec,canada,nacional,2,23,"8383,23"
airCanada,ilesMadeleine,canada,quebec,canada,nacional,1,55,"7781,50"
airCanada,kahului,usa,calgary,canada,interN,4,56,"8383,83"
airCanada,kahului,usa,calgary,canada,interN,2,20,"7062,08"
hawaiian,kahului,usa,hilo,usa,nacional,0,41,"2095,02"
hawaiian,kahului,usa,honolulu,usa,nacional,0,37,"3457,5966"
hawaiian,kahului,usa,kailuaKona,usa,nacional,0,34,"2298,42"
hawaiian,kahului,usa,lihue,usa,nacional,0,49,"2481,0732"
hawaiian,kahului,usa,oakland,usa,nacional,4,50,"4033,422"
hawaiian,kahului,usa,portland,usa,nacional,14,47,"20049,5448"
hawaiian,kahului,usa,sanFrancisco,usa,nacional,4,55,"3830,022"
hawaiian,kahului,usa,sanJose,usa,nacional,4,55,"3830,022"
hawaiian,kahului,usa,seattle,usa,nacional,5,30,"4643,622"
hawaiian,kailuaKona,usa,haneda,japon,interC,12,5,"15052,2102"
hawaiian,kailuaKona,usa,honolulu,usa,nacional,0,45,"2643,5898"
hawaiian,kailuaKona,usa,kahului,usa,nacional,0,34,"2298,42"
hawaiian,kailuaKona,usa,lihue,usa,nacional,0,56,"2541,8898"
hawaiian,kailuaKona,usa,losAngeles,usa,nacional,5,15,"4033,422"
hawaiian,kailuaKona,usa,narita,japon,interC,10,0,"9974,736"
airCanada,kamloops,canada,calgary,canada,nacional,2,8,"7643,78"
airCanada,kamloops,canada,calgary,canada,nacional,2,13,"6276,48"
airCanada,kamloops,canada,toronto,canada,nacional,3,7,"9643,39"
airCanada,kamloops,canada,toronto,canada,nacional,1,50,"7790,73"
airCanada,kamloops,canada,vancouver,canada,nacional,3,7,"11173,72"
airCanada,kamloops,canada,vancouver,canada,nacional,2,10,"7875,52"
airCanada,kelowna,canada,calgary,canada,nacional,2,8,"7853,18"
airCanada,kelowna,canada,calgary,canada,nacional,2,8,"6321,74"
airCanada,kelowna,canada,edmonton,canada,nacional,1,45,"7753,22"
airCanada,kelowna,canada,edmonton,canada,nacional,1,20,"7624,86"
airCanada,kelowna,canada,edmonton,canada,nacional,1,50,"6265,31"
airCanada,kelowna,canada,edmonton,canada,nacional,0,56,"6261,40"
airCanada,kelowna,canada,toronto,canada,nacional,2,13,"9580,56"
airCanada,kelowna,canada,toronto,canada,nacional,2,23,"7643,73"
airCanada,kelowna,canada,vancouver,canada,nacional,3,1,"11526,62"
airCanada,kelowna,canada,vancouver,canada,nacional,0,53,"7591,98"
airCanada,kingston,canada,toronto,canada,nacional,0,59,"13331,97"
airCanada,kingston,canada,toronto,canada,nacional,3,7,"9516,61"
aeroMx,laPaz,mexico,cdmx,mexico,nacional,2,20,2974
interjet,laPaz,mexico,cdmx,mexico,nacional,1,40,2679
vivaAerobus,laPaz,mexico,guadalajara,mexico,nacional,1,40,1052
vivaAerobus,laPaz,mexico,monterrey,mexico,nacional,1,55,1692
airCanada,lasVegas,usa,calgary,canada,interN,4,53,"8455,01"
airCanada,lasVegas,usa,calgary,canada,interN,1,47,"6644,68"
airCanada,lasVegas,usa,cancun,mexico,interN,1,55,"9050,60"
airCanada,lasVegas,usa,cancun,mexico,interN,1,50,"9050,60"
airCanada,lasVegas,usa,cdmx,mexico,interN,1,50,"23991,76"
airCanada,lasVegas,usa,cdmx,mexico,interN,2,0,"23991,76"
interjet,lasVegas,usa,cdmx,mexico,interN,4,0,4270
vivaAerobus,lasVegas,usa,cdmx,mexico,interN,3,45,3541
airCanada,lasVegas,usa,edmonton,canada,interN,1,50,"8432,53"
airCanada,lasVegas,usa,edmonton,canada,interN,5,53,"6263,56"
aeroMx,lasVegas,usa,monterrey,mexico,interN,3,20,7894
airCanada,lasVegas,usa,montreal,canada,interN,1,47,"8435,39"
airCanada,lasVegas,usa,montreal,canada,interN,2,8,"8536,14"
airCanada,lasVegas,usa,vancouver,canada,interN,1,44,"8435,28"
airCanada,lasVegas,usa,vancouver,canada,interN,1,44,"8468,96"
airCanada,lauderdale,usa,montreal,canada,interN,3,7,"12648,00"
airCanada,lauderdale,usa,montreal,canada,interN,4,56,"3006,64"
airCanada,lauderdale,usa,ottawa,canada,interN,3,4,"2807,22"
airCanada,lauderdale,usa,ottawa,canada,interN,2,13,"2807,22"
airCanada,lauderdale,usa,toronto,canada,interN,2,13,"2577,12"
airCanada,lauderdale,usa,toronto,canada,interN,2,8,"2577,12"
vivaAerobus,leon,mexico,cancun,mexico,nacional,2,35,1199
vivaAerobus,leon,mexico,monterrey,mexico,nacional,1,15,1122
vivaAerobus,leon,mexico,tijuana,mexico,nacional,2,40,1951
airCanada,lethbridge,canada,calgary,canada,nacional,2,13,"7488,83"
airCanada,lethbridge,canada,calgary,canada,nacional,3,4,"6298,90"
hawaiian,lihue,usa,honolulu,usa,nacional,0,40,"1626,7932"
hawaiian,lihue,usa,kahului,usa,nacional,0,49,"2481,0732"
hawaiian,lihue,usa,kailuaKona,usa,nacional,0,56,"2541,8898"
airCanada,london,canada,montreal,canada,nacional,0,53,"13360,66"
airCanada,london,canada,montreal,canada,nacional,3,7,"13306,87"
airCanada,london,canada,montreal,canada,nacional,3,4,"8496,91"
airCanada,london,canada,montreal,canada,nacional,2,13,"8496,91"
airCanada,london,canada,ottawa,canada,nacional,1,20,"13387,29"
airCanada,london,canada,ottawa,canada,nacional,3,4,"13284,30"
airCanada,london,canada,ottawa,canada,nacional,2,10,"13276,87"
airCanada,london,canada,ottawa,canada,nacional,1,47,"13204,90"
airCanada,london,canada,stJohn,canada,nacional,0,59,"14813,87"
airCanada,london,canada,stJohn,canada,nacional,1,45,"13413,13"
airCanada,london,canada,toronto,canada,nacional,0,56,"13332,60"
airCanada,london,canada,toronto,canada,nacional,2,0,"9451,53"
airCanada,losAngeles,usa,calgary,canada,interN,1,55,"3482,18"
airCanada,losAngeles,usa,calgary,canada,interN,1,50,"3482,18"
interjet,losAngeles,usa,cdmx,mexico,interN,4,15,5177
vivaAerobus,losAngeles,usa,guadalajara,mexico,interN,3,20,2018
airCanada,losAngeles,usa,haneda,japon,interC,20,44,"20969,78"
airCanada,losAngeles,usa,haneda,japon,interC,19,20,"20969,78"
hawaiian,losAngeles,usa,kailuaKona,usa,nacional,5,15,"4033,422"
vivaAerobus,losAngeles,usa,monterrey,mexico,interN,3,10,8531
aeroMx,losAngeles,usa,monterrey,mexico,interN,3,35,4289
airCanada,losAngeles,usa,montreal,canada,interN,2,8,"4249,18"
airCanada,losAngeles,usa,montreal,canada,interN,1,44,"4249,18"
interjet,losAngeles,usa,toluca,mexico,interN,4,15,5855
airCanada,losAngeles,usa,toronto,canada,interN,4,47,"3175,38"
airCanada,losAngeles,usa,toronto,canada,interN,1,44,"3175,38"
airCanada,losAngeles,usa,vancouver,canada,interN,4,53,"2270,32"
airCanada,losAngeles,usa,vancouver,canada,interN,4,50,"2270,32"
airCanada,losCabos,mexico,calgary,canada,interN,2,10,"5507,06"
airCanada,losCabos,mexico,calgary,canada,interN,3,7,"5507,06"
aeroMx,losCabos,mexico,cdmx,mexico,nacional,2,25,2945
interjet,losCabos,mexico,cdmx,mexico,nacional,2,5,2206
vivaAerobus,losCabos,mexico,cdmx,mexico,nacional,2,5,1602
vivaAerobus,losCabos,mexico,guadalajara,mexico,nacional,1,30,1165
vivaAerobus,losCabos,mexico,monterrey,mexico,nacional,1,50,4096
airCanada,losCabos,mexico,montreal,canada,interN,2,10,"4617,34"
airCanada,losCabos,mexico,montreal,canada,interN,4,53,"4617,34"
airCanada,losCabos,mexico,nanaimo,canada,interN,2,23,"5215,60"
airCanada,losCabos,mexico,nanaimo,canada,interN,2,8,"5215,60"
aeroMx,losCabos,mexico,tijuana,mexico,nacional,2,15,2597
interjet,losCabos,mexico,toluca,mexico,nacional,1,0,4850
airCanada,losCabos,mexico,toronto,canada,interN,2,13,"5215,60"
airCanada,losCabos,mexico,toronto,canada,interN,2,10,"5215,60"
airCanada,losCabos,mexico,vancouver,canada,interN,1,50,"5169,58"
airCanada,losCabos,mexico,vancouver,canada,interN,2,0,"5169,58"
aeroMx,losMochis,mexico,cdmx,mexico,nacional,2,15,4017
aeroMx,manzanillo,mexico,cdmx,mexico,nacional,1,24,2807
aeroMx,matamoros,mexico,cdmx,mexico,nacional,1,40,3178
interjet,mazatlan,mexico,cdmx,mexico,nacional,1,35,3057
aeroMx,mazatlan,mexico,cdmx,mexico,nacional,1,50,2916
vivaAerobus,mazatlan,mexico,cdmx,mexico,nacional,1,40,1309
vivaAerobus,mazatlan,mexico,monterrey,mexico,nacional,1,25,5042
airCanada,medicineHat,canada,calgary,canada,nacional,3,4,"7383,20"
airCanada,medicineHat,canada,calgary,canada,nacional,1,44,"6265,49"
aeroMx,merida,mexico,cdmx,mexico,nacional,2,1,3180
interjet,merida,mexico,cdmx,mexico,nacional,1,55,2341
vivaAerobus,merida,mexico,cdmx,mexico,nacional,1,45,1607
vivaAerobus,merida,mexico,guadalajara,mexico,nacional,2,15,1201
vivaAerobus,merida,mexico,monterrey,mexico,nacional,2,5,4631
aeroMx,merida,mexico,monterrey,mexico,nacional,2,2,2016
vivaAerobus,merida,mexico,tuxtlaG,mexico,nacional,1,10,1256
vivaAerobus,merida,mexico,villahermosa,mexico,nacional,1,10,1008
aeroMx,mexicali,mexico,cdmx,mexico,nacional,3,40,5111
vivaAerobus,mexicali,mexico,guadalajara,mexico,nacional,2,50,1101
vivaAerobus,mexicali,mexico,monterrey,mexico,nacional,2,35,3976
interjet,miami,usa,cdmx,mexico,interN,3,40,4099
airCanada,miami,usa,montreal,canada,interN,1,44,"8712,48"
airCanada,miami,usa,montreal,canada,interN,3,7,"8212,53"
airCanada,miami,usa,toronto,canada,interN,2,10,"2699,84"
airCanada,miami,usa,toronto,canada,interN,3,7,"2699,84"
aeroMx,minatitlan,mexico,cdmx,mexico,nacional,1,25,2986
airCanada,moncton,canada,haneda,japon,interC,21,44,"19788,60"
airCanada,moncton,canada,haneda,japon,interC,22,47,"19788,60"
airCanada,moncton,canada,montreal,canada,nacional,2,20,"13571,78"
airCanada,moncton,canada,montreal,canada,nacional,0,59,"8702,24"
airCanada,moncton,canada,ottawa,canada,nacional,2,35,"13596,21"
airCanada,moncton,canada,ottawa,canada,nacional,2,20,"13265,96"
vivaAerobus,monterrey,mexico,acapulco,mexico,nacional,1,45,1775
aeroMx,monterrey,mexico,aguascalientes,mexico,nacional,1,40,2589
aeroMx,monterrey,mexico,atlanta,usa,interN,2,40,5431
aeroMx,monterrey,mexico,bajio,mexico,nacional,1,20,1470
interjet,monterrey,mexico,cancun,mexico,nacional,5,20,4950
aeroMx,monterrey,mexico,cancun,mexico,nacional,2,25,1841
vivaAerobus,monterrey,mexico,cancun,mexico,nacional,2,15,1055
vivaAerobus,monterrey,mexico,cdJuarez,mexico,nacional,1,45,1072
aeroMx,monterrey,mexico,cdJuarez,mexico,nacional,1,50,800
aeroMx,monterrey,mexico,cdmx,mexico,nacional,1,35,2487
interjet,monterrey,mexico,cdmx,mexico,nacional,1,25,1442
vivaAerobus,monterrey,mexico,cdmx,mexico,nacional,1,35,1117
vivaAerobus,monterrey,mexico,cdObregon,mexico,nacional,1,45,1083
aeroMx,monterrey,mexico,chihuahua,mexico,nacional,1,30,1760
vivaAerobus,monterrey,mexico,chihuahua,mexico,nacional,1,25,1099
aeroMx,monterrey,mexico,culiacan,mexico,nacional,2,6,3601
vivaAerobus,monterrey,mexico,culiacan,mexico,nacional,1,35,1051
aeroMx,monterrey,mexico,detroit,usa,interN,3,34,5517
vivaAerobus,monterrey,mexico,durango,mexico,nacional,1,25,458
interjet,monterrey,mexico,guadalajara,mexico,nacional,1,15,3627
aeroMx,monterrey,mexico,guadalajara,mexico,nacional,1,35,2973
vivaAerobus,monterrey,mexico,guadalajara,mexico,nacional,1,25,1036
aeroMx,monterrey,mexico,hermosillo,mexico,nacional,2,10,4173
vivaAerobus,monterrey,mexico,hermosillo,mexico,nacional,2,5,977
vivaAerobus,monterrey,mexico,houston,usa,interN,1,20,7324
vivaAerobus,monterrey,mexico,huatulco,mexico,nacional,1,55,458
vivaAerobus,monterrey,mexico,laPaz,mexico,nacional,1,55,1692
aeroMx,monterrey,mexico,lasVegas,usa,interN,3,20,7894
vivaAerobus,monterrey,mexico,leon,mexico,nacional,1,15,1122
vivaAerobus,monterrey,mexico,losAngeles,usa,interN,3,10,8531
aeroMx,monterrey,mexico,losAngeles,usa,interN,3,35,4289
vivaAerobus,monterrey,mexico,losCabos,mexico,nacional,1,50,4096
vivaAerobus,monterrey,mexico,mazatlan,mexico,nacional,1,25,5042
vivaAerobus,monterrey,mexico,merida,mexico,nacional,2,5,4631
aeroMx,monterrey,mexico,merida,mexico,nacional,2,2,2016
vivaAerobus,monterrey,mexico,mexicali,mexico,nacional,2,35,3976
vivaAerobus,monterrey,mexico,morelia,mexico,nacional,1,25,3036
aeroMx,monterrey,mexico,nuevaYork,usa,interN,4,8,10074
vivaAerobus,monterrey,mexico,oaxaca,mexico,nacional,1,55,1726
vivaAerobus,monterrey,mexico,ptoVallarta,mexico,nacional,1,30,4528
aeroMx,monterrey,mexico,puebla,mexico,nacional,1,35,1999
vivaAerobus,monterrey,mexico,puebla,mexico,nacional,1,30,968
aeroMx,monterrey,mexico,queretaro,mexico,nacional,1,25,2062
vivaAerobus,monterrey,mexico,queretaro,mexico,nacional,1,20,1422
aeroMx,monterrey,mexico,sLPotosi,mexico,nacional,2,20,3032
vivaAerobus,monterrey,mexico,tampico,mexico,nacional,1,10,1382
vivaAerobus,monterrey,mexico,tijuana,mexico,nacional,2,45,3452
aeroMx,monterrey,mexico,tijuana,mexico,nacional,3,19,1147
interjet,monterrey,mexico,toluca,mexico,nacional,1,25,4329
vivaAerobus,monterrey,mexico,toluca,mexico,nacional,1,20,2594
vivaAerobus,monterrey,mexico,tuxtlaG,mexico,nacional,2,5,4286
vivaAerobus,monterrey,mexico,veracruz,mexico,nacional,1,35,1344
vivaAerobus,monterrey,mexico,villahermosa,mexico,nacional,2,0,3932
vivaAerobus,monterrey,mexico,zihuatanejo,mexico,nacional,1,40,1048
airCanada,montJoli,canada,montreal,canada,nacional,0,56,"9082,75"
airCanada,montJoli,canada,montreal,canada,nacional,2,0,"7818,84"
airCanada,montJoli,canada,montreal,canada,nacional,0,53,"7729,99"
airCanada,montreal,canada,bagotville,canada,nacional,2,10,"8351,83"
airCanada,montreal,canada,bagotville,canada,nacional,0,65,"7819,60"
airCanada,montreal,canada,baieComeau,canada,nacional,2,23,"9088,56"
airCanada,montreal,canada,baieComeau,canada,nacional,0,53,"8272,43"
airCanada,montreal,canada,baltimore,usa,interN,3,7,"9089,59"
airCanada,montreal,canada,baltimore,usa,interN,3,1,"8486,05"
airCanada,montreal,canada,bathurst,canada,nacional,3,7,"9707,01"
airCanada,montreal,canada,bathurst,canada,nacional,2,10,"8192,24"
airCanada,montreal,canada,boston,usa,interN,4,53,"8244,00"
airCanada,montreal,canada,boston,usa,interN,2,20,"2500,42"
airCanada,montreal,canada,calgary,canada,nacional,0,56,"9752,59"
airCanada,montreal,canada,calgary,canada,nacional,3,4,"9750,49"
airCanada,montreal,canada,calgary,canada,nacional,2,0,"6271,25"
airCanada,montreal,canada,calgary,canada,nacional,1,50,"6271,18"
airCanada,montreal,canada,cancun,mexico,interN,3,4,"5338,32"
airCanada,montreal,canada,cancun,mexico,interN,4,47,"5338,32"
airCanada,montreal,canada,cdmx,mexico,interN,1,55,"9115,44"
airCanada,montreal,canada,cdmx,mexico,interN,2,56,"8613,05"
airCanada,montreal,canada,charlottetown,canada,nacional,1,45,"9802,37"
airCanada,montreal,canada,charlottetown,canada,nacional,1,20,"8111,25"
airCanada,montreal,canada,chicago,usa,interN,4,50,"3037,32"
airCanada,montreal,canada,chicago,usa,interN,3,7,"3037,32"
airCanada,montreal,canada,cmdx,mexico,interN,2,13,"3865,68"
airCanada,montreal,canada,cmdx,mexico,interN,3,7,"3865,68"
airCanada,montreal,canada,cozumel,mexico,interN,1,45,"9145,89"
airCanada,montreal,canada,cozumel,mexico,interN,1,50,"8519,47"
airCanada,montreal,canada,dallas,usa,interN,2,13,"9146,70"
airCanada,montreal,canada,dallas,usa,interN,2,23,"8603,94"
airCanada,montreal,canada,denver,usa,interN,1,50,"9147,41"
airCanada,montreal,canada,denver,usa,interN,3,7,"8581,61"
airCanada,montreal,canada,durham,canada,nacional,3,4,"9148,15"
airCanada,montreal,canada,durham,canada,nacional,1,50,"13437,01"
airCanada,montreal,canada,edmonton,canada,nacional,1,45,"9142,53"
airCanada,montreal,canada,edmonton,canada,nacional,2,8,"9142,53"
airCanada,montreal,canada,edmonton,canada,nacional,2,0,"7631,63"
airCanada,montreal,canada,edmonton,canada,nacional,2,23,"6949,67"
airCanada,montreal,canada,fredericton,canada,nacional,1,55,"9147,41"
airCanada,montreal,canada,fredericton,canada,nacional,2,10,"7946,66"
airCanada,montreal,canada,halifax,canada,nacional,1,50,"9148,99"
airCanada,montreal,canada,halifax,canada,nacional,3,4,"7662,92"
airCanada,montreal,canada,haneda,japon,interC,27,10,"11060,14"
airCanada,montreal,canada,haneda,japon,interC,19,0,"11060,14"
airCanada,montreal,canada,hartford,canada,nacional,2,20,"9145,89"
airCanada,montreal,canada,hartford,canada,nacional,1,20,"7753,15"
airCanada,montreal,canada,houston,usa,interN,2,23,"9147,74"
airCanada,montreal,canada,houston,usa,interN,2,35,"8559,89"
airCanada,montreal,canada,ilesMadeleine,canada,nacional,2,13,"9148,53"
airCanada,montreal,canada,ilesMadeleine,canada,nacional,2,35,"7834,99"
airCanada,montreal,canada,lasVegas,usa,interN,1,47,"9150,29"
airCanada,montreal,canada,lasVegas,usa,interN,2,8,"8536,14"
airCanada,montreal,canada,lauderdale,usa,interN,3,7,"12648,00"
airCanada,montreal,canada,lauderdale,usa,interN,4,56,"3006,64"
airCanada,montreal,canada,london,canada,nacional,3,4,"9154,67"
airCanada,montreal,canada,london,canada,nacional,2,13,"9154,67"
airCanada,montreal,canada,london,canada,nacional,0,53,"13360,66"
airCanada,montreal,canada,london,canada,nacional,3,7,"13306,87"
airCanada,montreal,canada,losAngeles,usa,interN,1,44,"4249,18"
airCanada,montreal,canada,losAngeles,usa,interN,2,8,"4249,18"
airCanada,montreal,canada,losCabos,mexico,interN,4,53,"4617,34"
airCanada,montreal,canada,losCabos,mexico,interN,2,10,"4617,34"
airCanada,montreal,canada,miami,usa,interN,1,44,"9169,00"
airCanada,montreal,canada,miami,usa,interN,3,7,"8212,53"
airCanada,montreal,canada,moncton,canada,nacional,0,59,"9170,30"
airCanada,montreal,canada,moncton,canada,nacional,2,20,"13571,78"
airCanada,montreal,canada,montJoli,canada,nacional,0,56,"9164,28"
airCanada,montreal,canada,montJoli,canada,nacional,2,0,"7818,84"
airCanada,montreal,canada,montJoli,canada,nacional,0,53,"7729,99"
airCanada,montreal,canada,nagoya,japon,interC,18,10,"12701,52"
airCanada,montreal,canada,nagoya,japon,interC,20,50,"12701,52"
airCanada,montreal,canada,narita,japon,interC,21,47,"9158,37"
airCanada,montreal,canada,narita,japon,interC,24,47,"9158,37"
airCanada,montreal,canada,narita,japon,interC,28,13,"11014,12"
airCanada,montreal,canada,narita,japon,interC,22,44,"11014,12"
airCanada,montreal,canada,nuevaYork,usa,interN,1,20,"6851,00"
airCanada,montreal,canada,nuevaYork,usa,interN,4,62,"2116,92"
airCanada,montreal,canada,orlando,usa,interN,2,20,"12071,00"
airCanada,montreal,canada,orlando,usa,interN,2,8,"2807,22"
airCanada,montreal,canada,osaka,japon,interC,29,13,"16183,70"
airCanada,montreal,canada,osaka,japon,interC,23,35,"16183,70"
airCanada,montreal,canada,ottawa,canada,nacional,2,8,"9151,42"
airCanada,montreal,canada,ottawa,canada,nacional,2,13,"9151,42"
airCanada,montreal,canada,ottawa,canada,nacional,2,0,"13251,77"
airCanada,montreal,canada,ottawa,canada,nacional,1,50,"13234,92"
airCanada,montreal,canada,philadelphia,usa,interN,1,50,"9139,92"
airCanada,montreal,canada,philadelphia,usa,interN,3,7,"7943,49"
airCanada,montreal,canada,phoenix,usa,interN,2,10,"9141,61"
airCanada,montreal,canada,phoenix,usa,interN,3,4,"7917,49"
airCanada,montreal,canada,pittsburgh,usa,interN,3,7,"8017,96"
airCanada,montreal,canada,pittsburgh,usa,interN,3,1,"7892,18"
airCanada,montreal,canada,ptoVallarta,mexico,interN,4,53,"4065,10"
airCanada,montreal,canada,ptoVallarta,mexico,interN,2,13,"4065,10"
airCanada,montreal,canada,quebec,canada,nacional,2,10,"9161,14"
airCanada,montreal,canada,quebec,canada,nacional,2,8,"9161,14"
airCanada,montreal,canada,quebec,canada,nacional,1,20,"9161,14"
airCanada,montreal,canada,quebec,canada,nacional,2,20,"9161,14"
airCanada,montreal,canada,raleigh,usa,interN,3,7,"9161,14"
airCanada,montreal,canada,raleigh,usa,interN,2,13,"9161,14"
airCanada,montreal,canada,rouynNoranda,canada,nacional,0,53,"9161,14"
airCanada,montreal,canada,rouynNoranda,canada,nacional,0,59,"9161,14"
airCanada,montreal,canada,rouynNoranda,canada,nacional,1,50,"9161,14"
airCanada,montreal,canada,sanFrancisco,usa,interN,1,55,"5154,24"
airCanada,montreal,canada,sanFrancisco,usa,interN,1,50,"5154,24"
airCanada,montreal,canada,septIles,canada,nacional,2,0,"9172,70"
airCanada,montreal,canada,septIles,canada,nacional,2,35,"9172,70"
airCanada,montreal,canada,stJohn,canada,nacional,1,47,"9172,70"
airCanada,montreal,canada,stJohn,canada,nacional,0,56,"9172,70"
airCanada,montreal,canada,stJohn,canada,nacional,0,53,"14870,55"
airCanada,montreal,canada,stJohn,canada,nacional,2,10,"14417,20"
airCanada,montreal,canada,tampa,usa,interN,2,23,"9156,78"
airCanada,montreal,canada,tampa,usa,interN,1,45,"7708,78"
airCanada,montreal,canada,toronto,canada,nacional,2,0,"9158,89"
airCanada,montreal,canada,toronto,canada,nacional,1,20,"9385,37"
airCanada,montreal,canada,valdOr,canada,nacional,2,13,"9158,56"
airCanada,montreal,canada,valdOr,canada,nacional,3,4,"9158,56"
airCanada,montreal,canada,victoria,canada,nacional,1,50,"9158,56"
airCanada,montreal,canada,victoria,canada,nacional,2,10,"9158,56"
airCanada,montreal,canada,victoria,canada,nacional,2,35,"12312,75"
airCanada,montreal,canada,victoria,canada,nacional,1,50,"11962,55"
airCanada,montreal,canada,washDC,usa,interN,4,56,"11765,78"
airCanada,montreal,canada,washDC,usa,interN,2,35,"11765,78"
airCanada,montreal,canada,westPalmBeach,usa,interN,2,8,"7731,62"
airCanada,montreal,canada,westPalmBeach,usa,interN,1,50,"13167,85"
airCanada,montreal,canada,windsor,usa,interN,4,59,"9138,12"
airCanada,montreal,canada,windsor,usa,interN,2,23,"9138,12"
airCanada,montreal,canada,winnipeg,canada,nacional,1,44,"9138,12"
airCanada,montreal,canada,winnipeg,canada,nacional,2,8,"9138,12"
airCanada,montreal,canada,winnipeg,canada,nacional,0,59,"13144,78"
airCanada,montreal,canada,winnipeg,canada,nacional,1,55,"12561,26"
airCanada,montreal,canada,zihuatanejo,mexico,interN,1,20,"15232,62"
airCanada,montreal,canada,zihuatanejo,mexico,interN,2,35,"15232,62"
interjet,montreal ,canada,cdmx,mexico,interN,7,0,5280
aeroMx,morelia,mexico,cdmx,mexico,nacional,0,56,5759
vivaAerobus,morelia,mexico,monterrey,mexico,nacional,1,25,3036
vivaAerobus,morelia,mexico,tijuana,mexico,nacional,3,30,7500
airCanada,nagoya,japon,montreal,canada,interC,20,50,"12701,52"
airCanada,nagoya,japon,montreal,canada,interC,18,10,"12701,52"
airCanada,nagoya,japon,toronto,canada,interC,26,50,"11827,14"
airCanada,nagoya,japon,toronto,canada,interC,25,47,"11827,14"
airCanada,nagoya,japon,vancouver,canada,interC,25,50,"15738,84"
airCanada,nagoya,japon,vancouver,canada,interC,26,0,"15738,84"
airCanada,nanaimo,canada,calgary,canada,nacional,2,20,"7643,73"
airCanada,nanaimo,canada,calgary,canada,nacional,2,13,"6313,43"
airCanada,nanaimo,canada,losCabos,mexico,interN,2,8,"5215,60"
airCanada,nanaimo,canada,losCabos,mexico,interN,2,23,"5215,60"
airCanada,nanaimo,canada,toronto,canada,nacional,0,53,"9318,15"
airCanada,nanaimo,canada,toronto,canada,nacional,1,50,"7591,98"
airCanada,nanaimo,canada,vancouver,canada,nacional,2,13,"11555,54"
airCanada,nanaimo,canada,vancouver,canada,nacional,1,45,"7624,86"
airCanada,narita,japon,calgary,canada,interC,22,10,"41970,24"
airCanada,narita,japon,calgary,canada,interC,19,1,"14557,66"
airCanada,narita,japon,calgary,canada,interC,20,13,"14557,66"
airCanada,narita,japon,calgary,canada,interC,18,47,"4985,50"
aeroMx,narita,japon,cdmx,mexico,interC,15,15,37605
airCanada,narita,japon,detroit,usa,interC,29,1,"33349,16"
airCanada,narita,japon,detroit,usa,interC,18,4,"33349,16"
hawaiian,narita,japon,kailuaKona,usa,interC,10,0,"9974,736"
airCanada,narita,japon,montreal,canada,interC,24,47,"8926,91"
airCanada,narita,japon,montreal,canada,interC,21,47,"8926,91"
airCanada,narita,japon,montreal,canada,interC,22,44,"11014,12"
airCanada,narita,japon,montreal,canada,interC,28,13,"11014,12"
airCanada,narita,japon,phoenix,usa,interC,28,20,"16060,98"
airCanada,narita,japon,phoenix,usa,interC,27,23,"16060,98"
airCanada,narita,japon,vancouver,canada,interC,17,7,"28953,94"
airCanada,narita,japon,vancouver,canada,interC,24,20,"8866,04"
airCanada,narita,japon,vancouver,canada,interC,24,45,"11949,86"
airCanada,narita,japon,vancouver,canada,interC,23,55,"11949,86"
airCanada,narita,japon,victoria,canada,interC,21,50,"14787,76"
airCanada,narita,japon,victoria,canada,interC,22,47,"14787,76"
airCanada,newark,usa,cancun,mexico,interN,2,20,"9480,12"
airCanada,newark,usa,cancun,mexico,interN,2,13,"9480,12"
vivaAerobus,newark,usa,cancun,mexico,interN,3,25,2580
airCanada,newark,usa,toronto,canada,interN,2,10,"4494,62"
airCanada,newark,usa,toronto,canada,interN,2,13,"4494,62"
airCanada,northBay,canada,toronto,canada,nacional,2,13,"13619,72"
airCanada,northBay,canada,toronto,canada,nacional,2,10,"9249,90"
airCanada,nuevaYork,usa,calgary,canada,interN,1,45,"8850,96"
airCanada,nuevaYork,usa,calgary,canada,interN,1,20,"6710,05"
airCanada,nuevaYork,usa,cancun,mexico,interN,2,35,"9480,12"
airCanada,nuevaYork,usa,cancun,mexico,interN,2,8,"9480,12"
vivaAerobus,nuevaYork,usa,cancun,mexico,interN,3,25,2580
interjet,nuevaYork,usa,cdmx,mexico,interN,4,45,4507
airCanada,nuevaYork,usa,halifax,canada,interN,3,7,"41970,24"
airCanada,nuevaYork,usa,halifax,canada,interN,4,59,"7719,99"
aeroMx,nuevaYork,usa,monterrey,mexico,interN,4,8,10074
airCanada,nuevaYork,usa,montreal,canada,interN,1,20,"6851,00"
airCanada,nuevaYork,usa,montreal,canada,interN,4,62,"2116,92"
airCanada,nuevaYork,usa,ottawa,canada,interN,1,47,"8829,65"
airCanada,nuevaYork,usa,ottawa,canada,interN,1,20,"13223,35"
airCanada,nuevaYork,usa,quebec,canada,interN,1,44,"8822,41"
airCanada,nuevaYork,usa,quebec,canada,interN,1,20,"8822,41"
airCanada,nuevaYork,usa,toronto,canada,interN,3,7,"4494,62"
airCanada,nuevaYork,usa,toronto,canada,interN,3,4,"4494,62"
airCanada,nuevaYork,usa,toronto,canada,interN,3,1,"4494,62"
aeroMx,nuevoLaredo,mexico,cdmx,mexico,nacional,1,47,2139
hawaiian,oakland,usa,kahului,usa,nacional,4,50,"4033,422"
aeroMx,oaxaca,mexico,cdmx,mexico,nacional,1,20,3989
interjet,oaxaca,mexico,cdmx,mexico,nacional,1,10,2476
vivaAerobus,oaxaca,mexico,monterrey,mexico,nacional,1,55,1726
airCanada,okinawa,japon,vancouver,canada,interC,20,47,"12532,78"
airCanada,okinawa,japon,vancouver,canada,interC,19,44,"12532,78"
airCanada,orlando,usa,montreal,canada,interN,2,20,"12071,00"
airCanada,orlando,usa,montreal,canada,interN,2,8,"2807,22"
airCanada,orlando,usa,ottawa,canada,interN,1,45,"8886,62"
airCanada,orlando,usa,ottawa,canada,interN,1,55,"13234,77"
airCanada,orlando,usa,toronto,canada,interN,1,45,"2393,04"
airCanada,orlando,usa,toronto,canada,interN,1,55,"2393,04"
interjet,orlando ,usa,cdmx,mexico,interN,3,25,4522
airCanada,osaka,japon,edmonton,canada,interC,26,7,"17165,46"
airCanada,osaka,japon,edmonton,canada,interC,25,4,"17165,46"
airCanada,osaka,japon,montreal,canada,interC,23,35,"16183,70"
airCanada,osaka,japon,montreal,canada,interC,29,13,"16183,70"
airCanada,osaka,japon,toronto,canada,interC,17,50,"14250,86"
airCanada,osaka,japon,toronto,canada,interC,18,0,"14250,86"
airCanada,osaka,japon,vancouver,canada,interC,17,8,"13806,00"
airCanada,osaka,japon,vancouver,canada,interC,16,59,"13806,00"
airCanada,ottawa,canada,boston,usa,interN,2,10,"13642,25"
airCanada,ottawa,canada,boston,usa,interN,2,20,"8811,54"
airCanada,ottawa,canada,calgary,canada,nacional,2,8,"13275,46"
airCanada,ottawa,canada,calgary,canada,nacional,2,35,"13268,02"
airCanada,ottawa,canada,calgary,canada,nacional,3,7,"6297,38"
airCanada,ottawa,canada,calgary,canada,nacional,2,8,"6280,38"
airCanada,ottawa,canada,cancun,mexico,interN,2,8,"3973,06"
airCanada,ottawa,canada,cancun,mexico,interN,2,13,"3973,06"
airCanada,ottawa,canada,cdmx,mexico,interN,4,59,"4571,32"
airCanada,ottawa,canada,cdmx,mexico,interN,3,7,"4571,32"
airCanada,ottawa,canada,charlottetown,canada,nacional,3,7,"13282,28"
airCanada,ottawa,canada,charlottetown,canada,nacional,1,44,"8029,41"
airCanada,ottawa,canada,chicago,usa,interN,1,44,"13378,02"
airCanada,ottawa,canada,chicago,usa,interN,2,10,"8822,17"
airCanada,ottawa,canada,edmonton,canada,nacional,2,8,"13289,92"
airCanada,ottawa,canada,edmonton,canada,nacional,3,1,"13287,46"
airCanada,ottawa,canada,edmonton,canada,nacional,0,56,"8990,20"
airCanada,ottawa,canada,edmonton,canada,nacional,2,0,"8311,51"
airCanada,ottawa,canada,fredericton,canada,nacional,2,10,"13291,03"
airCanada,ottawa,canada,fredericton,canada,nacional,1,50,"8010,15"
airCanada,ottawa,canada,halifax,canada,nacional,2,13,"13288,91"
airCanada,ottawa,canada,halifax,canada,nacional,0,56,"7727,07"
airCanada,ottawa,canada,lauderdale,usa,interN,2,13,"2807,22"
airCanada,ottawa,canada,lauderdale,usa,interN,3,4,"2807,22"
airCanada,ottawa,canada,london,canada,nacional,1,20,"13387,29"
airCanada,ottawa,canada,london,canada,nacional,3,4,"13284,30"
airCanada,ottawa,canada,london,canada,nacional,2,10,"13276,87"
airCanada,ottawa,canada,london,canada,nacional,1,47,"13204,90"
airCanada,ottawa,canada,moncton,canada,nacional,2,35,"13596,21"
airCanada,ottawa,canada,moncton,canada,nacional,2,20,"13265,96"
airCanada,ottawa,canada,montreal,canada,nacional,2,0,"13251,77"
airCanada,ottawa,canada,montreal,canada,nacional,1,50,"13234,92"
airCanada,ottawa,canada,montreal,canada,nacional,2,8,"8750,07"
airCanada,ottawa,canada,montreal,canada,nacional,2,13,"8750,07"
airCanada,ottawa,canada,nuevaYork,usa,interN,1,20,"13223,35"
airCanada,ottawa,canada,nuevaYork,usa,interN,1,47,"8741,86"
airCanada,ottawa,canada,orlando,usa,interN,1,55,"13234,77"
airCanada,ottawa,canada,orlando,usa,interN,1,45,"8733,58"
airCanada,ottawa,canada,ptoVallarta,mexico,interN,1,50,"4264,52"
airCanada,ottawa,canada,ptoVallarta,mexico,interN,1,45,"4264,52"
airCanada,ottawa,canada,quebec,canada,nacional,1,44,"13214,73"
airCanada,ottawa,canada,quebec,canada,nacional,1,50,"13197,43"
airCanada,ottawa,canada,quebec,canada,nacional,1,55,"8733,57"
airCanada,ottawa,canada,quebec,canada,nacional,2,8,"8733,57"
airCanada,ottawa,canada,regina,canada,nacional,0,53,"13177,78"
airCanada,ottawa,canada,regina,canada,nacional,0,56,"13156,12"
airCanada,ottawa,canada,regina,canada,nacional,2,10,"8716,97"
airCanada,ottawa,canada,regina,canada,nacional,2,8,"8716,97"
airCanada,ottawa,canada,saskatoon,canada,nacional,1,50,"13133,16"
airCanada,ottawa,canada,saskatoon,canada,nacional,1,55,"13108,21"
airCanada,ottawa,canada,saskatoon,canada,nacional,2,8,"8700,35"
airCanada,ottawa,canada,saskatoon,canada,nacional,1,50,"8700,35"
airCanada,ottawa,canada,stJohn,canada,nacional,2,35,"14279,05"
airCanada,ottawa,canada,stJohn,canada,nacional,1,20,"13080,79"
airCanada,ottawa,canada,tampa,usa,interN,1,45,"13103,68"
airCanada,ottawa,canada,tampa,usa,interN,2,35,"8672,99"
airCanada,ottawa,canada,toronto,canada,nacional,1,44,"13050,81"
airCanada,ottawa,canada,toronto,canada,nacional,3,4,"9180,65"
airCanada,ottawa,canada,vancouver,canada,nacional,1,47,"20254,74"
airCanada,ottawa,canada,vancouver,canada,nacional,1,47,"13018,19"
airCanada,ottawa,canada,washDC,usa,interN,2,23,"13256,08"
airCanada,ottawa,canada,washDC,usa,interN,2,10,"8624,06"
airCanada,ottawa,canada,winnipeg,canada,nacional,1,45,"13225,40"
airCanada,ottawa,canada,winnipeg,canada,nacional,1,50,"12988,30"
airCanada,ottawa,canada,winnipeg,canada,nacional,0,56,"12956,82"
airCanada,ottawa,canada,winnipeg,canada,nacional,1,50,"12561,75"
interjet,palenque,mexico,cdmx,mexico,nacional,1,20,2780
airCanada,palmSprings,usa,calgary,canada,interN,1,55,"8601,85"
airCanada,palmSprings,usa,calgary,canada,interN,1,55,"6866,83"
airCanada,penticton,canada,vancouver,canada,nacional,2,23,"24604,34"
airCanada,penticton,canada,vancouver,canada,nacional,2,20,"5215,60"
airCanada,philadelphia,usa,montreal,canada,interN,1,50,"8580,48"
airCanada,philadelphia,usa,montreal,canada,interN,3,7,"7943,49"
airCanada,phoenix,usa,calgary,canada,interN,2,23,"8581,73"
airCanada,phoenix,usa,calgary,canada,interN,2,0,"6167,66"
airCanada,phoenix,usa,montreal,canada,interN,2,10,"8586,51"
airCanada,phoenix,usa,montreal,canada,interN,3,4,"7917,49"
airCanada,phoenix,usa,narita,japon,interC,27,23,"16060,98"
airCanada,phoenix,usa,narita,japon,interC,28,20,"16060,98"
airCanada,phoenix,usa,toronto,canada,interN,2,0,"2500,42"
airCanada,phoenix,usa,toronto,canada,interN,2,35,"2500,42"
airCanada,pittsburgh,usa,montreal,canada,interN,3,7,"14596,95"
airCanada,pittsburgh,usa,montreal,canada,interN,3,1,"7892,18"
airCanada,portland,usa,calgary,canada,interN,3,4,"8571,57"
airCanada,portland,usa,calgary,canada,interN,2,23,"6272,35"
hawaiian,portland,usa,kahului,usa,nacional,14,47,"20049,5448"
airCanada,princeGeorge,canada,vancouver,canada,nacional,1,45,"22429,54"
airCanada,princeGeorge,canada,vancouver,canada,nacional,2,35,"7643,73"
airCanada,princeRupert,canada,vancouver,canada,nacional,1,55,"23516,94"
airCanada,princeRupert,canada,vancouver,canada,nacional,1,47,"7591,98"
interjet,ptoEscondido,mexico,cdmx,mexico,nacional,1,10,2390
vivaAerobus,ptoEscondido,mexico,cdmx,mexico,nacional,1,10,1043
airCanada,ptoVallarta,mexico,atlanta,usa,interN,4,53,"41970,24"
airCanada,ptoVallarta,mexico,atlanta,usa,interN,4,56,"41970,24"
airCanada,ptoVallarta,mexico,calgary,canada,interN,4,59,"5553,08"
airCanada,ptoVallarta,mexico,calgary,canada,interN,4,56,"5553,08"
aeroMx,ptoVallarta,mexico,cdmx,mexico,nacional,1,45,3699
vivaAerobus,ptoVallarta,mexico,cdmx,mexico,nacional,1,30,871
airCanada,ptoVallarta,mexico,cleveland,usa,interN,1,47,"13361,14"
airCanada,ptoVallarta,mexico,cleveland,usa,interN,1,50,"13361,14"
vivaAerobus,ptoVallarta,mexico,guadalajara,mexico,nacional,0,50,1131
vivaAerobus,ptoVallarta,mexico,monterrey,mexico,nacional,1,30,4528
airCanada,ptoVallarta,mexico,montreal,canada,interN,2,13,"4065,10"
airCanada,ptoVallarta,mexico,montreal,canada,interN,4,53,"4065,10"
airCanada,ptoVallarta,mexico,ottawa,canada,interN,1,45,"4264,52"
airCanada,ptoVallarta,mexico,ottawa,canada,interN,1,50,"4264,52"
vivaAerobus,ptoVallarta,mexico,puebla,mexico,nacional,1,30,3294
airCanada,ptoVallarta,mexico,quebec,canada,interN,2,20,"4402,58"
airCanada,ptoVallarta,mexico,quebec,canada,interN,2,35,"4402,58"
interjet,ptoVallarta,mexico,toluca,mexico,nacional,1,20,2752
airCanada,ptoVallarta,mexico,toronto,canada,interN,4,59,"4065,10"
airCanada,ptoVallarta,mexico,toronto,canada,interN,4,50,"4065,10"
airCanada,ptoVallarta,mexico,vancouver,canada,interN,2,0,"4371,90"
airCanada,ptoVallarta,mexico,vancouver,canada,interN,2,23,"4371,90"
airCanada,ptoVallarta,mexico,victoria,canada,interN,1,47,"5798,52"
airCanada,ptoVallarta,mexico,victoria,canada,interN,1,44,"5798,52"
vivaAerobus,puebla,mexico,cancun,mexico,nacional,2,15,1089
vivaAerobus,puebla,mexico,guadalajara,mexico,nacional,1,15,1346
aeroMx,puebla,mexico,monterrey,mexico,nacional,1,35,1999
vivaAerobus,puebla,mexico,monterrey,mexico,nacional,1,30,968
vivaAerobus,puebla,mexico,ptoVallarta,mexico,nacional,1,30,3294
vivaAerobus,puebla,mexico,tuxtlaG,mexico,nacional,1,15,2908
vivaAerobus,puebla,mexico,tuxtlaG,mexico,nacional,1,15,1368
airCanada,quebec,canada,chicago,usa,interN,1,47,"8655,61"
airCanada,quebec,canada,chicago,usa,interN,3,7,"8655,61"
airCanada,quebec,canada,gaspe,canada,nacional,1,45,"8655,61"
airCanada,quebec,canada,gaspe,canada,nacional,3,1,"7930,52"
airCanada,quebec,canada,ilesMadeleine,canada,nacional,2,23,"8657,21"
airCanada,quebec,canada,ilesMadeleine,canada,nacional,1,55,"7781,50"
airCanada,quebec,canada,montreal,canada,nacional,1,20,"8659,15"
airCanada,quebec,canada,montreal,canada,nacional,2,20,"8659,15"
airCanada,quebec,canada,montreal,canada,nacional,2,8,"8659,15"
airCanada,quebec,canada,montreal,canada,nacional,2,10,"8659,15"
airCanada,quebec,canada,nuevaYork,usa,interN,1,20,"8659,15"
airCanada,quebec,canada,nuevaYork,usa,interN,1,44,"8659,15"
airCanada,quebec,canada,ottawa,canada,nacional,1,55,"8659,15"
airCanada,quebec,canada,ottawa,canada,nacional,2,8,"8659,15"
airCanada,quebec,canada,ottawa,canada,nacional,1,44,"13214,73"
airCanada,quebec,canada,ottawa,canada,nacional,1,50,"13197,43"
airCanada,quebec,canada,ptoVallarta,mexico,interN,2,35,"4402,58"
airCanada,quebec,canada,ptoVallarta,mexico,interN,2,20,"4402,58"
airCanada,quebec,canada,septIles,canada,nacional,0,53,"8657,83"
airCanada,quebec,canada,septIles,canada,nacional,2,8,"8657,83"
airCanada,quebec,canada,toronto,canada,nacional,1,50,"8657,83"
airCanada,quebec,canada,toronto,canada,nacional,2,35,"9110,46"
airCanada,quebec,canada,wabush,canada,nacional,1,44,"8656,79"
airCanada,quebec,canada,wabush,canada,nacional,0,56,"13847,13"
vivaAerobus,queretaro,mexico,cancun,mexico,nacional,2,15,712
aeroMx,queretaro,mexico,cdmx,mexico,nacional,1,9,1627
aeroMx,queretaro,mexico,monterrey,mexico,nacional,1,25,2062
vivaAerobus,queretaro,mexico,monterrey,mexico,nacional,1,20,1422
airCanada,raleigh,usa,montreal,canada,interN,2,13,"8711,83"
airCanada,raleigh,usa,montreal,canada,interN,3,7,"8711,83"
airCanada,regina,canada,calgary,canada,nacional,2,13,"8711,83"
airCanada,regina,canada,calgary,canada,nacional,2,13,"8711,83"
airCanada,regina,canada,calgary,canada,nacional,0,59,"6259,19"
airCanada,regina,canada,calgary,canada,nacional,2,13,"6256,85"
airCanada,regina,canada,ottawa,canada,nacional,2,10,"8723,43"
airCanada,regina,canada,ottawa,canada,nacional,2,8,"8723,43"
airCanada,regina,canada,ottawa,canada,nacional,0,53,"13177,78"
airCanada,regina,canada,ottawa,canada,nacional,0,56,"13156,12"
airCanada,regina,canada,saskatoon,canada,nacional,3,7,"8702,22"
airCanada,regina,canada,saskatoon,canada,nacional,3,7,"8702,22"
airCanada,regina,canada,toronto,canada,nacional,0,59,"8702,22"
airCanada,regina,canada,toronto,canada,nacional,1,45,"9039,35"
airCanada,regina,canada,vancouver,canada,nacional,2,8,"18768,86"
airCanada,regina,canada,vancouver,canada,nacional,0,56,"8677,09"
airCanada,regina,canada,winnipeg,canada,nacional,1,50,"8677,09"
airCanada,regina,canada,winnipeg,canada,nacional,1,44,"8677,09"
airCanada,regina,canada,winnipeg,canada,nacional,1,55,"13414,28"
airCanada,regina,canada,winnipeg,canada,nacional,1,20,"12540,29"
vivaAerobus,reynosa,mexico,cancun,mexico,nacional,2,25,1049
aeroMx,reynosa,mexico,cdmx,mexico,nacional,1,40,1219
vivaAerobus,reynosa,mexico,cdmx,mexico,nacional,1,40,1016
vivaAerobus,reynosa,mexico,guadalajara,mexico,nacional,1,35,1000
airCanada,rouynNoranda,canada,montreal,canada,nacional,1,50,"8730,98"
airCanada,rouynNoranda,canada,montreal,canada,nacional,0,53,"8730,98"
airCanada,rouynNoranda,canada,montreal,canada,nacional,0,59,"8730,98"
airCanada,rouynNoranda,canada,valdOr,canada,nacional,2,23,"8730,98"
airCanada,rouynNoranda,canada,valdOr,canada,nacional,3,1,"8730,98"
aeroMx,saltillo,mexico,cdmx,mexico,nacional,1,45,1370
airCanada,samia,canada,toronto,canada,nacional,0,59,"12923,83"
airCanada,samia,canada,toronto,canada,nacional,1,20,"8967,36"
interjet,sanAntonio,usa,cdmx,mexico,interN,2,5,4508
airCanada,sanDiego,usa,vancouver,canada,interN,1,20,"2393,04"
airCanada,sanDiego,usa,vancouver,canada,interN,1,50,"2393,04"
airCanada,sandspit,canada,vancouver,canada,nacional,1,20,"19877,12"
airCanada,sandspit,canada,vancouver,canada,nacional,1,55,"7624,86"
airCanada,sanFrancisco,usa,calgary,canada,interN,2,8,"8755,95"
airCanada,sanFrancisco,usa,calgary,canada,interN,3,56,"6586,29"
airCanada,sanFrancisco,usa,edmonton,canada,interN,2,10,"8761,52"
airCanada,sanFrancisco,usa,edmonton,canada,interN,1,20,"6268,05"
hawaiian,sanFrancisco,usa,kahului,usa,nacional,4,55,"3830,022"
airCanada,sanFrancisco,usa,montreal,canada,interN,1,50,"5154,24"
airCanada,sanFrancisco,usa,montreal,canada,interN,1,55,"5154,24"
airCanada,sanFrancisco,usa,toronto,canada,interN,1,55,"8483,02"
airCanada,sanFrancisco,usa,toronto,canada,interN,1,50,"8483,02"
airCanada,sanFrancisco,usa,vancouver,canada,interN,2,23,"3543,54"
airCanada,sanFrancisco,usa,vancouver,canada,interN,2,35,"3543,54"
airCanada,sanFrancisco,usa,victoria,canada,interN,1,55,"8828,79"
airCanada,sanFrancisco,usa,victoria,canada,interN,3,7,"11704,65"
airCanada,sanJose,usa,haneda,japon,interC,17,8,"27918,80"
airCanada,sanJose,usa,haneda,japon,interC,16,10,"27918,80"
hawaiian,sanJose,usa,kahului,usa,nacional,4,55,"3830,022"
airCanada,sanJose,usa,vancouver,canada,interN,1,20,"5951,92"
airCanada,sanJose,usa,vancouver,canada,interN,1,45,"5951,92"
airCanada,sapporo,japon,seattle,usa,interC,23,13,"18668,78"
airCanada,sapporo,japon,seattle,usa,interC,24,1,"18668,78"
airCanada,sapporo,japon,tampa,usa,interC,27,10,"17027,40"
airCanada,sapporo,japon,tampa,usa,interC,28,8,"17027,40"
airCanada,saskatoon,canada,calgary,canada,nacional,2,0,"8649,39"
airCanada,saskatoon,canada,calgary,canada,nacional,1,45,"8649,39"
airCanada,saskatoon,canada,calgary,canada,nacional,2,8,"6257,51"
airCanada,saskatoon,canada,calgary,canada,nacional,2,10,"6252,55"
airCanada,saskatoon,canada,edmonton,canada,nacional,2,20,"8662,47"
airCanada,saskatoon,canada,edmonton,canada,nacional,0,56,"8662,47"
airCanada,saskatoon,canada,edmonton,canada,nacional,1,45,"8306,54"
airCanada,saskatoon,canada,edmonton,canada,nacional,1,50,"7625,02"
airCanada,saskatoon,canada,ottawa,canada,nacional,2,8,"8666,32"
airCanada,saskatoon,canada,ottawa,canada,nacional,1,50,"8666,32"
airCanada,saskatoon,canada,ottawa,canada,nacional,1,50,"13133,16"
airCanada,saskatoon,canada,ottawa,canada,nacional,1,55,"13108,21"
airCanada,saskatoon,canada,regina,canada,nacional,3,7,"8641,44"
airCanada,saskatoon,canada,regina,canada,nacional,3,7,"8641,44"
airCanada,saskatoon,canada,toronto,canada,nacional,1,47,"8641,44"
airCanada,saskatoon,canada,toronto,canada,nacional,0,59,"8894,43"
airCanada,saskatoon,canada,vancouver,canada,nacional,0,56,"19266,13"
airCanada,saskatoon,canada,vancouver,canada,nacional,1,20,"8610,62"
airCanada,saskatoon,canada,winnipeg,canada,nacional,1,55,"8610,62"
airCanada,saskatoon,canada,winnipeg,canada,nacional,2,23,"13556,43"
airCanada,saultSteMarie,canada,toronto,canada,nacional,3,7,"12889,28"
airCanada,saultSteMarie,canada,toronto,canada,nacional,2,35,"8820,58"
airCanada,seattle,usa,calgary,canada,interN,1,50,"8583,51"
airCanada,seattle,usa,calgary,canada,interN,2,53,"6586,29"
airCanada,seattle,usa,cancun,mexico,interN,2,8,"11643,06"
airCanada,seattle,usa,cancun,mexico,interN,2,10,"11643,06"
hawaiian,seattle,usa,kahului,usa,nacional,5,30,"4643,622"
airCanada,seattle,usa,sapporo,japon,interC,24,1,"18668,78"
airCanada,seattle,usa,sapporo,japon,interC,23,13,"18668,78"
airCanada,seattle,usa,toronto,canada,interN,4,59,"41970,24"
airCanada,seattle,usa,toronto,canada,interN,1,44,"10128,84"
airCanada,seattle,usa,vancouver,canada,interN,4,59,"8420,43"
airCanada,seattle,usa,vancouver,canada,interN,3,7,"3950,05"
airCanada,septIles,canada,montreal,canada,nacional,2,35,"8433,69"
airCanada,septIles,canada,montreal,canada,nacional,2,0,"8433,69"
airCanada,septIles,canada,quebec,canada,nacional,2,8,"8433,69"
airCanada,septIles,canada,quebec,canada,nacional,0,53,"8433,69"
airCanada,septIles,canada,wabush,canada,nacional,3,7,"8433,69"
airCanada,septIles,canada,wabush,canada,nacional,1,47,"14039,62"
aeroMx,shangai,china,cdmx,mexico,interC,14,25,33344
aeroMx,sLPotosi,mexico,cdmx,mexico,nacional,1,18,1576
aeroMx,sLPotosi,mexico,monterrey,mexico,nacional,2,20,3032
airCanada,smithers,canada,vancouver,canada,nacional,0,53,"20075,38"
airCanada,smithers,canada,vancouver,canada,nacional,2,35,"5215,60"
airCanada,stJohn,canada,calgary,canada,nacional,0,56,"14819,61"
airCanada,stJohn,canada,calgary,canada,nacional,3,7,"6254,13"
airCanada,stJohn,canada,deerLake,canada,nacional,1,47,"14942,60"
airCanada,stJohn,canada,deerLake,usa,interN,3,4,"8317,92"
airCanada,stJohn,canada,gander,canada,nacional,0,59,"14685,88"
airCanada,stJohn,canada,gander,canada,nacional,1,44,"14088,72"
airCanada,stJohn,canada,gooseBay,canada,nacional,2,10,"14589,86"
airCanada,stJohn,canada,gooseBay,canada,nacional,3,7,"14434,07"
airCanada,stJohn,canada,halifax,canada,nacional,0,53,"14752,18"
airCanada,stJohn,canada,halifax,canada,nacional,2,20,"7822,48"
airCanada,stJohn,canada,london,canada,nacional,0,59,"14813,87"
airCanada,stJohn,canada,london,canada,nacional,1,45,"13413,13"
airCanada,stJohn,canada,montreal,canada,nacional,0,53,"14870,55"
airCanada,stJohn,canada,montreal,canada,nacional,2,10,"14417,20"
airCanada,stJohn,canada,montreal,canada,nacional,1,47,"8142,57"
airCanada,stJohn,canada,montreal,canada,nacional,0,56,"8142,57"
airCanada,stJohn,canada,ottawa,canada,nacional,2,35,"14279,05"
airCanada,stJohn,canada,ottawa,canada,nacional,1,20,"13080,79"
airCanada,stJohn,canada,toronto,canada,nacional,1,50,"14927,71"
airCanada,stJohn,canada,toronto,canada,nacional,0,59,"8745,83"
airCanada,sudbury,canada,toronto,canada,nacional,2,8,"12858,30"
airCanada,sudbury,canada,toronto,canada,nacional,2,10,"8670,18"
airCanada,tampa,usa,montreal,canada,interN,2,23,"8064,59"
airCanada,tampa,usa,montreal,canada,interN,1,45,"7708,78"
airCanada,tampa,usa,ottawa,canada,interN,2,35,"8065,77"
airCanada,tampa,usa,ottawa,canada,interN,1,45,"13103,68"
airCanada,tampa,usa,sapporo,japon,interC,28,8,"17027,40"
airCanada,tampa,usa,sapporo,japon,interC,27,10,"17027,40"
airCanada,tampa,usa,toronto,canada,interN,1,47,"2331,68"
airCanada,tampa,usa,toronto,canada,interN,1,44,"2331,68"
vivaAerobus,tampico,mexico,cancun,mexico,nacional,2,10,1059
interjet,tampico,mexico,cdmx,mexico,nacional,1,5,2507
aeroMx,tampico,mexico,cdmx,mexico,nacional,1,15,1624
vivaAerobus,tampico,mexico,guadalajara,mexico,nacional,1,20,1058
vivaAerobus,tampico,mexico,monterrey,mexico,nacional,1,10,1382
aeroMx,tapachula,mexico,cdmx,mexico,nacional,1,59,3457
airCanada,terrace,canada,vancouver,canada,nacional,1,50,"19670,75"
airCanada,terrace,canada,vancouver,canada,nacional,2,13,"7643,73"
airCanada,thunderBay,canada,toronto,canada,nacional,3,1,"12828,45"
airCanada,thunderBay,canada,toronto,canada,nacional,2,20,"8593,67"
airCanada,thunderBay,canada,winnipeg,canada,nacional,1,20,"4264,52"
airCanada,thunderBay,canada,winnipeg,canada,nacional,1,55,"4264,52"
aeroMx,tijuana,mexico,bajio,mexico,nacional,3,5,4254
aeroMx,tijuana,mexico,cdJuarez,mexico,nacional,2,0,7835
aeroMx,tijuana,mexico,cdmx,mexico,nacional,3,46,3343
interjet,tijuana,mexico,cdmx,mexico,nacional,3,20,2438
vivaAerobus,tijuana,mexico,cdmx,mexico,nacional,3,40,1136
aeroMx,tijuana,mexico,chihuahua,mexico,nacional,2,0,2256
vivaAerobus,tijuana,mexico,culiacan,mexico,nacional,2,10,1401
aeroMx,tijuana,mexico,durango,mexico,nacional,2,19,8312
vivaAerobus,tijuana,mexico,guadalajara,mexico,nacional,3,10,947
aeroMx,tijuana,mexico,guadalajara,mexico,nacional,3,5,798
vivaAerobus,tijuana,mexico,leon,mexico,nacional,2,40,1951
aeroMx,tijuana,mexico,losCabos,mexico,nacional,2,15,2597
vivaAerobus,tijuana,mexico,monterrey,mexico,nacional,2,45,3452
aeroMx,tijuana,mexico,monterrey,mexico,nacional,3,19,1147
vivaAerobus,tijuana,mexico,morelia,mexico,nacional,3,30,7500
interjet,tijuana,mexico,toluca,mexico,nacional,3,40,2746
airCanada,timmins,canada,toronto,canada,nacional,2,13,"12628,39"
airCanada,timmins,canada,toronto,canada,nacional,0,59,"8516,30"
interjet,toluca,mexico,acapulco,mexico,nacional,0,55,1630
interjet,toluca,mexico,aguascalientes,mexico,nacional,1,5,1385
interjet,toluca,mexico,bajio,mexico,nacional,1,0,2175
interjet,toluca,mexico,cancun,mexico,nacional,2,5,2255
vivaAerobus,toluca,mexico,cancun,mexico,nacional,2,20,1462
interjet,toluca,mexico,cdCarmen,mexico,nacional,2,40,2587
interjet,toluca,mexico,chihuahua,mexico,nacional,2,10,2390
interjet,toluca,mexico,guadalajara,mexico,nacional,1,0,3841
interjet,toluca,mexico,losAngeles,usa,interN,4,15,5855
interjet,toluca,mexico,losCabos,mexico,nacional,1,0,4850
interjet,toluca,mexico,monterrey,mexico,nacional,1,25,4329
vivaAerobus,toluca,mexico,monterrey,mexico,nacional,1,20,2594
interjet,toluca,mexico,ptoVallarta,mexico,nacional,1,20,2752
interjet,toluca,mexico,tijuana,mexico,nacional,3,40,2746
interjet,toluca,mexico,toronto,canada,nacional,4,35,6313
interjet,toluca,mexico,veracruz,mexico,nacional,0,55,2010
interjet,toluca,mexico,villahermosa,mexico,nacional,1,20,2093
interjet,toluca,mexico,zihuatanejo,mexico,nacional,1,0,3176
airCanada,toronto,canada,abbostford,canada,nacional,2,8,"9841,53"
airCanada,toronto,canada,abbostford,canada,nacional,2,8,"7511,61"
airCanada,toronto,canada,boston,usa,interN,1,45,"3190,72"
airCanada,toronto,canada,boston,usa,interN,1,20,"3190,72"
airCanada,toronto,canada,calgary,canada,nacional,1,47,"9937,69"
airCanada,toronto,canada,calgary,canada,nacional,3,1,"6255,82"
airCanada,toronto,canada,cancun,mexico,interN,2,10,"4555,98"
airCanada,toronto,canada,cancun,mexico,interN,2,8,"4555,98"
interjet,toronto,canada,cdmx,mexico,nacional,5,20,6828
airCanada,toronto,canada,cdmx,mexico,interN,2,10,"3942,38"
airCanada,toronto,canada,cdmx,mexico,interN,2,8,"3942,38"
airCanada,toronto,canada,chicago,usa,interN,4,56,"2193,62"
airCanada,toronto,canada,chicago,usa,interN,4,59,"2193,62"
airCanada,toronto,canada,dallas,usa,interN,2,8,"8986,30"
airCanada,toronto,canada,dallas,usa,interN,1,44,"11843,41"
airCanada,toronto,canada,edmonton,canada,nacional,0,56,"9883,10"
airCanada,toronto,canada,edmonton,canada,nacional,2,35,"7115,53"
airCanada,toronto,canada,fortMcMurray,canada,nacional,2,13,"9824,95"
airCanada,toronto,canada,fortMcMurray,canada,nacional,0,56,"7586,81"
airCanada,toronto,canada,fortMyers,usa,interN,4,59,"3006,64"
airCanada,toronto,canada,fortMyers,usa,interN,2,10,"3006,64"
airCanada,toronto,canada,fukuoka,japon,interC,24,55,"15524,08"
airCanada,toronto,canada,fukuoka,japon,interC,23,45,"15524,08"
airCanada,toronto,canada,gander,canada,nacional,1,55,"14229,01"
airCanada,toronto,canada,gander,canada,nacional,2,20,"9765,58"
airCanada,toronto,canada,haneda,japon,interC,19,13,"41970,24"
airCanada,toronto,canada,haneda,japon,interC,27,45,"10293,14"
airCanada,toronto,canada,haneda,japon,interC,26,20,"10293,14"
airCanada,toronto,canada,haneda,japon,interC,25,0,"9705,07"
airCanada,toronto,canada,honolulu,usa,interN,2,20,"10937,42"
airCanada,toronto,canada,honolulu,usa,interN,2,23,"10937,42"
airCanada,toronto,canada,huatulco,mexico,interN,2,0,"10768,68"
airCanada,toronto,canada,huatulco,mexico,interN,1,50,"10768,68"
airCanada,toronto,canada,kamloops,canada,nacional,3,7,"9643,39"
airCanada,toronto,canada,kamloops,canada,nacional,1,50,"7790,73"
airCanada,toronto,canada,kelowna,canada,nacional,2,13,"9580,56"
airCanada,toronto,canada,kelowna,canada,nacional,2,23,"7643,73"
airCanada,toronto,canada,kingston,canada,nacional,0,59,"13331,97"
airCanada,toronto,canada,kingston,canada,nacional,3,7,"9516,61"
airCanada,toronto,canada,lauderdale,usa,interN,2,8,"2577,12"
airCanada,toronto,canada,lauderdale,usa,interN,2,13,"2577,12"
airCanada,toronto,canada,london,canada,nacional,0,56,"13332,60"
airCanada,toronto,canada,london,canada,nacional,2,0,"9451,53"
airCanada,toronto,canada,losAngeles,usa,interN,1,44,"3175,38"
airCanada,toronto,canada,losAngeles,usa,interN,4,47,"3175,38"
airCanada,toronto,canada,losCabos,mexico,interN,2,10,"5215,60"
airCanada,toronto,canada,losCabos,mexico,interN,2,13,"5215,60"
airCanada,toronto,canada,miami,usa,interN,3,7,"2699,84"
airCanada,toronto,canada,miami,usa,interN,2,10,"2699,84"
airCanada,toronto,canada,montreal,canada,nacional,2,0,"8905,44"
airCanada,toronto,canada,montreal,canada,nacional,1,20,"9385,37"
airCanada,toronto,canada,nagoya,japon,interC,25,47,"11827,14"
airCanada,toronto,canada,nagoya,japon,interC,26,50,"11827,14"
airCanada,toronto,canada,nanaimo,canada,nacional,0,53,"9318,15"
airCanada,toronto,canada,nanaimo,canada,nacional,1,50,"7591,98"
airCanada,toronto,canada,newark,usa,interN,2,13,"4494,62"
airCanada,toronto,canada,newark,usa,interN,2,10,"4494,62"
airCanada,toronto,canada,northBay,canada,nacional,2,13,"13619,72"
airCanada,toronto,canada,northBay,canada,nacional,2,10,"9249,90"
airCanada,toronto,canada,nuevaYork,usa,interN,3,4,"4494,62"
airCanada,toronto,canada,nuevaYork,usa,interN,3,1,"4494,62"
airCanada,toronto,canada,nuevaYork,usa,interN,3,7,"4494,62"
airCanada,toronto,canada,orlando,usa,interN,1,55,"2393,04"
airCanada,toronto,canada,orlando,usa,interN,1,45,"2393,04"
airCanada,toronto,canada,osaka,japon,interC,18,0,"14250,86"
airCanada,toronto,canada,osaka,japon,interC,17,50,"14250,86"
airCanada,toronto,canada,ottawa,canada,nacional,1,44,"13050,81"
airCanada,toronto,canada,ottawa,canada,nacional,3,4,"9180,65"
airCanada,toronto,canada,phoenix,usa,interN,2,35,"2500,42"
airCanada,toronto,canada,phoenix,usa,interN,2,0,"2500,42"
airCanada,toronto,canada,ptoVallarta,mexico,interN,4,50,"4065,10"
airCanada,toronto,canada,ptoVallarta,mexico,interN,4,59,"4065,10"
airCanada,toronto,canada,quebec,canada,nacional,1,50,"9087,13"
airCanada,toronto,canada,quebec,canada,nacional,2,35,"9110,46"
airCanada,toronto,canada,regina,canada,nacional,0,59,"9087,00"
airCanada,toronto,canada,regina,canada,nacional,1,45,"9039,35"
airCanada,toronto,canada,samia,canada,nacional,0,59,"12923,83"
airCanada,toronto,canada,samia,canada,nacional,1,20,"8967,36"
airCanada,toronto,canada,sanFrancisco,usa,interN,1,50,"8483,02"
airCanada,toronto,canada,sanFrancisco,usa,interN,1,55,"8483,02"
airCanada,toronto,canada,saskatoon,canada,nacional,1,47,"9072,35"
airCanada,toronto,canada,saskatoon,canada,nacional,0,59,"8894,43"
airCanada,toronto,canada,saultSteMarie,canada,nacional,3,7,"12889,28"
airCanada,toronto,canada,saultSteMarie,canada,nacional,2,35,"8820,58"
airCanada,toronto,canada,seattle,usa,interN,4,59,"41970,24"
airCanada,toronto,canada,seattle,usa,interN,1,44,"10128,84"
airCanada,toronto,canada,stJohn,canada,nacional,1,50,"14927,71"
airCanada,toronto,canada,stJohn,canada,nacional,0,59,"8745,83"
airCanada,toronto,canada,sudbury,canada,nacional,2,8,"12858,30"
airCanada,toronto,canada,sudbury,canada,nacional,2,10,"8670,18"
airCanada,toronto,canada,tampa,usa,interN,1,44,"2331,68"
airCanada,toronto,canada,tampa,usa,interN,1,47,"2331,68"
airCanada,toronto,canada,thunderBay,canada,nacional,3,1,"12828,45"
airCanada,toronto,canada,thunderBay,canada,nacional,2,20,"8593,67"
airCanada,toronto,canada,timmins,canada,nacional,2,13,"12628,39"
airCanada,toronto,canada,timmins,canada,nacional,0,59,"8516,30"
interjet,toronto,canada,toluca,mexico,nacional,4,35,6313
airCanada,toronto,canada,victoria,canada,nacional,2,0,"12037,34"
airCanada,toronto,canada,victoria,canada,nacional,0,56,"8438,12"
airCanada,toronto,canada,westPalmBeach,usa,interN,2,8,"3620,24"
airCanada,toronto,canada,westPalmBeach,usa,interN,2,13,"3620,24"
airCanada,toronto,canada,winnipeg,canada,nacional,2,0,"12563,46"
airCanada,toronto,canada,winnipeg,canada,nacional,2,23,"12563,46"
airCanada,toronto,canada,zihuatanejo,mexico,interN,4,53,"8833,04"
airCanada,toronto,canada,zihuatanejo,mexico,interN,4,53,"9899,05"
vivaAerobus,torreon,mexico,cancun,mexico,nacional,2,50,1345
interjet,torreon,mexico,cdmx,mexico,nacional,2,0,3596
aeroMx,torreon,mexico,cdmx,mexico,nacional,1,46,2713
vivaAerobus,torreon,mexico,cdmx,mexico,nacional,1,45,1283
vivaAerobus,tuxtlaG,mexico,cancun,mexico,nacional,1,45,1039
aeroMx,tuxtlaG,mexico,cdmx,mexico,nacional,1,48,2714
interjet,tuxtlaG,mexico,cdmx,mexico,nacional,1,25,2542
vivaAerobus,tuxtlaG,mexico,cdmx,mexico,nacional,1,25,1017
vivaAerobus,tuxtlaG,mexico,guadalajara,mexico,nacional,1,55,1081
vivaAerobus,tuxtlaG,mexico,merida,mexico,nacional,1,10,1256
vivaAerobus,tuxtlaG,mexico,monterrey,mexico,nacional,2,5,4286
vivaAerobus,tuxtlaG,mexico,puebla,mexico,nacional,1,15,2908
vivaAerobus,tuxtlaG,mexico,puebla,mexico,nacional,1,15,1368
airCanada,valdOr,canada,montreal,canada,nacional,3,4,"9499,31"
airCanada,valdOr,canada,montreal,canada,nacional,2,13,"9499,31"
airCanada,valdOr,canada,rouynNoranda,canada,nacional,3,1,"9499,31"
airCanada,valdOr,canada,rouynNoranda,canada,nacional,2,23,"9499,31"
airCanada,vancouver,canada,anchorage,usa,interN,1,50,"9499,31"
airCanada,vancouver,canada,anchorage,usa,interN,3,7,"7332,33"
airCanada,vancouver,canada,boston,usa,interN,2,8,"4448,60"
airCanada,vancouver,canada,boston,usa,interN,2,13,"4448,60"
airCanada,vancouver,canada,calgary,canada,nacional,0,53,"8703,40"
airCanada,vancouver,canada,calgary,canada,nacional,3,7,"6259,05"
airCanada,vancouver,canada,cancun,mexico,interN,3,7,"3712,28"
airCanada,vancouver,canada,cancun,mexico,interN,2,10,"3712,28"
airCanada,vancouver,canada,castlegar,canada,nacional,3,4,"11324,20"
airCanada,vancouver,canada,castlegar,canada,nacional,2,13,"7931,74"
interjet,vancouver,canada,cdmx,mexico,interN,3,5,5773
airCanada,vancouver,canada,cdmx,mexico,interN,3,7,"4003,74"
airCanada,vancouver,canada,cdmx,mexico,interN,2,10,"4003,74"
airCanada,vancouver,canada,comox,canada,nacional,2,13,"9119,98"
airCanada,vancouver,canada,comox,canada,nacional,2,13,"7850,80"
airCanada,vancouver,canada,cranbrook,canada,nacional,2,10,"7707,97"
airCanada,vancouver,canada,cranbrook,canada,nacional,2,10,"7531,87"
airCanada,vancouver,canada,dallas,usa,interN,3,7,"9940,83"
airCanada,vancouver,canada,dallas,usa,interN,1,55,"10364,73"
airCanada,vancouver,canada,edmonton,canada,nacional,2,8,"7687,26"
airCanada,vancouver,canada,edmonton,canada,nacional,1,45,"6777,00"
airCanada,vancouver,canada,forthStJohn,canada,nacional,2,13,"7686,23"
airCanada,vancouver,canada,forthStJohn,canada,nacional,3,7,"7533,05"
airCanada,vancouver,canada,guadalajara,mexico,interN,2,0,"6933,68"
airCanada,vancouver,canada,guadalajara,mexico,interN,1,50,"6933,68"
airCanada,vancouver,canada,haneda,japon,interC,20,8,"41970,24"
airCanada,vancouver,canada,haneda,japon,interC,18,13,"25986,98"
airCanada,vancouver,canada,haneda,japon,interC,21,53,"12394,72"
airCanada,vancouver,canada,haneda,japon,interC,22,56,"12394,72"
airCanada,vancouver,canada,honolulu,usa,interN,2,20,"3543,54"
airCanada,vancouver,canada,honolulu,usa,interN,2,0,"3543,54"
airCanada,vancouver,canada,kamloops,canada,nacional,3,7,"11173,72"
airCanada,vancouver,canada,kamloops,canada,nacional,2,10,"7875,52"
airCanada,vancouver,canada,kelowna,canada,nacional,3,1,"11526,62"
airCanada,vancouver,canada,kelowna,canada,nacional,0,53,"7591,98"
airCanada,vancouver,canada,lasVegas,usa,interN,1,44,"9688,92"
airCanada,vancouver,canada,lasVegas,usa,interN,1,44,"8468,96"
airCanada,vancouver,canada,losAngeles,usa,interN,4,50,"2270,32"
airCanada,vancouver,canada,losAngeles,usa,interN,4,53,"2270,32"
airCanada,vancouver,canada,losCabos,mexico,interN,2,0,"5169,58"
airCanada,vancouver,canada,losCabos,mexico,interN,1,50,"5169,58"
airCanada,vancouver,canada,nagoya,japon,interC,26,0,"15738,84"
airCanada,vancouver,canada,nagoya,japon,interC,25,50,"15738,84"
airCanada,vancouver,canada,nanaimo,canada,nacional,2,13,"11555,54"
airCanada,vancouver,canada,nanaimo,canada,nacional,1,45,"7624,86"
airCanada,vancouver,canada,narita,japon,interC,17,7,"28953,94"
airCanada,vancouver,canada,narita,japon,interC,24,20,"9613,03"
airCanada,vancouver,canada,narita,japon,interC,23,55,"11949,86"
airCanada,vancouver,canada,narita,japon,interC,24,45,"11949,86"
airCanada,vancouver,canada,okinawa,japon,interC,19,44,"12532,78"
airCanada,vancouver,canada,okinawa,japon,interC,20,47,"12532,78"
airCanada,vancouver,canada,osaka,japon,interC,16,59,"13806,00"
airCanada,vancouver,canada,osaka,japon,interC,17,8,"13806,00"
airCanada,vancouver,canada,ottawa,canada,nacional,1,47,"20254,74"
airCanada,vancouver,canada,ottawa,canada,nacional,1,47,"13018,19"
airCanada,vancouver,canada,penticton,canada,nacional,2,23,"24604,34"
airCanada,vancouver,canada,penticton,canada,nacional,2,20,"5215,60"
airCanada,vancouver,canada,princeGeorge,canada,nacional,2,35,"7643,73"
airCanada,vancouver,canada,princeRupert,canada,nacional,1,47,"7591,98"
airCanada,vancouver,canada,ptoVallarta,mexico,interN,2,23,"4371,90"
airCanada,vancouver,canada,regina,canada,nacional,0,56,"9093,21"
airCanada,vancouver,canada,sanDiego,usa,interN,1,20,"2393,04"
airCanada,vancouver,canada,sandspit,canada,nacional,1,55,"7624,86"
airCanada,vancouver,canada,sanFrancisco,usa,interN,2,35,"3543,54"
airCanada,vancouver,canada,sanJose,usa,interN,1,20,"5951,92"
airCanada,vancouver,canada,saskatoon,canada,nacional,1,20,"9369,59"
airCanada,vancouver,canada,seattle,usa,interN,4,59,"9369,59"
airCanada,vancouver,canada,smithers,canada,nacional,2,35,"5215,60"
airCanada,vancouver,canada,terrace,canada,nacional,2,13,"7643,73"
airCanada,vancouver,canada,victoria,canada,nacional,2,23,"12154,96"
airCanada,vancouver,canada,whitehorse,canada,nacional,3,1,"9424,85"
airCanada,vancouver,canada,winnipeg,canada,nacional,2,13,"12836,91"
airCanada,vancouver,canada,yellowknife,canada,nacional,0,53,"19529,36"
airCanada,vancouver,canada,zihuatanejo,mexico,interN,2,35,"25311,00"
vivaAerobus,veracruz,mexico,cancun,mexico,nacional,1,50,1469
interjet,veracruz,mexico,cdmx,mexico,nacional,1,0,2234
vivaAerobus,veracruz,mexico,guadalajara,mexico,nacional,1,30,1171
vivaAerobus,veracruz,mexico,monterrey,mexico,nacional,1,35,1344
interjet,veracruz,mexico,toluca,mexico,nacional,0,55,2010
airCanada,victoria,canada,calgary,canada,nacional,1,47,"6265,45"
airCanada,victoria,canada,cdmx,mexico,interN,4,59,"19221,02"
airCanada,victoria,canada,edmonton,canada,nacional,0,59,"7970,75"
airCanada,victoria,canada,montreal,canada,nacional,1,50,"9522,82"
airCanada,victoria,canada,narita,japon,interC,22,47,"14787,76"
airCanada,victoria,canada,ptoVallarta,mexico,interN,1,47,"5798,52"
airCanada,victoria,canada,sanFrancisco,usa,interN,3,7,"11704,65"
airCanada,victoria,canada,toronto,canada,nacional,0,56,"8438,12"
airCanada,victoria,canada,vancouver,canada,nacional,2,23,"12154,96"
vivaAerobus,villahermosa,mexico,cancun,mexico,nacional,1,30,1099
vivaAerobus,villahermosa,mexico,cdmx,mexico,nacional,1,30,1325
vivaAerobus,villahermosa,mexico,guadalajara,mexico,nacional,1,55,1314
vivaAerobus,villahermosa,mexico,merida,mexico,nacional,1,10,1008
vivaAerobus,villahermosa,mexico,monterrey,mexico,nacional,2,0,3932
interjet,villahermosa,mexico,toluca,mexico,nacional,1,20,2093
airCanada,wabush,canada,gooseBay,canada,nacional,0,56,"14698,72"
airCanada,wabush,canada,quebec,canada,nacional,0,56,"13847,13"
airCanada,wabush,canada,septIles,canada,nacional,1,47,"14039,62"
airCanada,washDC,usa,montreal,canada,interN,4,56,"11765,78"
airCanada,washDC,usa,ottawa,canada,interN,2,23,"13256,08"
airCanada,westPalmBeach,usa,montreal,canada,interN,2,8,"7731,62"
airCanada,westPalmBeach,usa,toronto,canada,interN,2,8,"3620,24"
airCanada,whitehorse,canada,vancouver,canada,nacional,1,50,"20164,24"
airCanada,windsor,usa,cdmx,mexico,interN,4,59,"6427,46"
airCanada,windsor,usa,montreal,canada,interN,4,59,"10446,76"
airCanada,winnipeg,canada,calgary,canada,nacional,2,20,"6273,78"
airCanada,winnipeg,canada,cancun,mexico,interN,4,59,"12393,58"
airCanada,winnipeg,canada,chicago,usa,interN,3,1,"10558,07"
airCanada,winnipeg,canada,denver,usa,interN,2,20,"12601,36"
airCanada,winnipeg,canada,edmonton,canada,nacional,1,55,"8308,32"
airCanada,winnipeg,canada,montreal,canada,nacional,2,8,"10570,21"
airCanada,winnipeg,canada,ottawa,canada,nacional,1,50,"12561,75"
airCanada,winnipeg,canada,regina,canada,nacional,1,50,"10437,45"
airCanada,winnipeg,canada,saskatoon,canada,nacional,1,55,"10437,45"
airCanada,winnipeg,canada,thunderBay,canada,nacional,1,55,"4264,52"
airCanada,winnipeg,canada,toronto,canada,nacional,2,23,"12563,46"
airCanada,winnipeg,canada,vancouver,canada,nacional,2,13,"12836,91"
airCanada,yellowknife,canada,calgary,canada,nacional,1,45,"6270,96"
airCanada,yellowknife,canada,edmonton,canada,nacional,2,8,"13637,49"
airCanada,yellowknife,canada,vancouver,canada,nacional,3,7,"13643,84"
aeroMx,zacatecas,mexico,cdmx,mexico,nacional,1,27,1576
vivaAerobus,zihuatanejo,mexico,cdmx,mexico,nacional,1,0,815
vivaAerobus,zihuatanejo,mexico,monterrey,mexico,nacional,1,40,1048
airCanada,zihuatanejo,mexico,montreal,canada,interN,2,35,"15232,62"
interjet,zihuatanejo,mexico,toluca,mexico,nacional,1,0,3176
airCanada,zihuatanejo,mexico,toronto,canada,interN,4,53,"25311,00"
airCanada,zihuatanejo,mexico,vancouver,canada,interN,2,35,"25311,00"